sym_x,sym_y,seed_category,corr,p_value,half_life,spread_sharpe,spread_sortino,spread_vol,spread_max_dd,spread_pos_ratio,spread_neg_ratio,n_obs,beta,intercept,is_viable,pair_score,pair_label,risk_return_score,stats_quality_score,macro_score,fundamental_score,structure_score,penalty_total
IBIT,ETHA,crypto,0.792280840873522,0.26041656175646977,62.183817360155935,0.8847460912220917,1.5240756688667636,0.3012134437344411,0.3111742863793294,0.4956521739130435,0.5043478260869565,346.0,0.4278358714118208,2.6230170287670025,False,2.2396612879869537,A+,1.9453755737012395,0.2,0.0,0.0,0.4,0.005714285714285714
MSTR,BITO,crypto,0.771958578604793,0.8323705914038966,645.2597105455055,1.0861096947997446,1.5430678258914845,0.6645785979706128,0.6511704894649313,0.5366795366795367,0.46332046332046334,1037.0,1.7766900660736822,-0.8752379761730191,False,1.9165566561243383,A,2.156556656124338,0.0,0.0,0.0,0.4,0.4
DBC,USO,commodities,0.8256523548175939,6.382229984948179e-05,78.33351762891442,0.7059515801091197,0.9935323811724196,0.1394350125314553,0.2632957875822397,0.5268456375838926,0.47315436241610737,1491.0,0.5732193890489605,0.6733119892811676,False,1.716113655568274,A,1.3961583311781687,0.39993617770015055,0.0,0.0,0.1,0.0
DBA,COW,commodities,0.4442396693184802,0.004196737676514364,38.434083591456194,0.557759084474102,0.7924804433891296,0.24133443481865033,0.28077078887177187,0.5207166853303471,0.47928331466965285,894.0,1.3522548383969848,-1.985677173556052,False,1.3839422626954974,A-,1.1068799790690573,0.39580326232348567,0.0,0.0,0.0,0.0
IBIT,BITO,crypto,0.9520105635798506,0.18624267790760918,52.00608075700478,0.47251994352325083,0.7738917585984941,0.6066879921841486,0.48267682529117106,0.4947589098532495,0.5052410901467506,478.0,-0.19251251590021254,4.421718826337704,True,1.2772542034619674,A-,1.0076240779972938,0.21375732209239084,0.0,0.0,0.3,0.0
XHB,VNQ,thematic_factor,0.7543634654569565,0.6214141593050004,453.78437295489323,0.6992717198745118,1.0443808580147884,0.21146111881448873,0.3632502868775562,0.5140939597315436,0.48590604026845635,1491.0,0.9305076486461297,0.13278720271185573,False,1.1230733147473124,B+,1.4230733147473125,0.0,0.0,0.0,0.25,0.4
IBIT,BKCH,crypto,0.6758288707582921,0.39863793365253697,81.35261669259896,0.37215673051461784,0.5651133478022305,0.38383165283473114,0.5687838516189996,0.5010482180293501,0.4989517819706499,478.0,0.5764126991896861,1.5519120466283094,False,1.0563603969437994,B+,0.7563603969437992,0.2,0.0,0.0,0.4,0.0
GLD,TIP,fx_macro,0.34028305678662313,0.9681782459752154,inf,0.7307958651809295,1.0458635359078992,0.21107697309573573,0.4996604651361176,0.538255033557047,0.46174496644295304,1491.0,-1.2830500411375467,11.362100880816332,False,1.0529071310137366,B+,1.4529071310137365,0.0,0.0,0.0,0.0,0.4
SLV,SILJ,commodities,0.7569552578245868,0.2962926663773786,147.92695556390848,0.44911362652882686,0.5822436893584114,0.2340119846479669,0.3821615700387282,0.5040268456375839,0.4959731543624161,1491.0,0.7192368658680426,1.3558210293666213,False,1.0290409776789402,B+,0.8490409776789403,0.2,0.0,0.0,0.1,0.0
VIG,DVY,thematic_factor,0.8811868172866173,0.3290941379851017,169.4990457184416,0.4647544894538283,0.6661364246362977,0.1012619818775985,0.2975549055122553,0.5201342281879194,0.4798657718120805,1491.0,0.9796979963123498,0.4283550924692383,False,1.0250988885889916,B+,0.9250988885889916,0.0,0.0,0.0,0.25,0.0
SPY,SPYV,us_core_style,0.9231153912985361,0.08957346093006552,89.04645318475491,0.3651333242112687,0.5240569462137462,0.08790084053825738,0.19850589119581397,0.5161073825503356,0.48389261744966444,1491.0,1.1524728752028923,1.8011546095701858,False,0.985301646085929,B+,0.7280030687369747,0.3104265390699345,0.0,0.0,0.1,0.0
IBB,XBI,us_sectors_rotation,0.9077720760198128,0.0993889114295719,69.3054196018134,0.3269604056277023,0.47938219511684094,0.12262213302549965,0.20308923373180132,0.5073825503355704,0.49261744966442955,1491.0,0.4489230193009712,2.8603839133042444,False,0.9688939195341546,B+,0.6584661575348549,0.3006110885704281,0.0,0.0,0.25,0.0
SPYG,SPYV,us_core_style,0.800228743880403,0.1594778301017991,107.81904189502241,0.3723973846927304,0.5293726834294841,0.15316367909636205,0.36574343529435893,0.5208053691275167,0.4785234899328859,1491.0,1.227927070427061,-0.41981372373231274,False,0.9440089133162228,B+,0.7356433943874822,0.2405221698982009,0.0,0.0,0.1,0.0
IWF,IWD,thematic_factor,0.7885543819049549,0.05541810440682803,78.36428000127188,0.2878106124175737,0.4208469432063469,0.19282414168208173,0.45077257740780574,0.5174496644295302,0.4825503355704698,1491.0,1.53654739491961,-2.14461552046716,False,0.9145953480290808,B+,0.5733880211138604,0.344581895593172,0.0,0.0,0.25,0.0
IWB,IWD,us_core_style,0.92780063558373,0.04627647958987759,75.44343734234187,0.29157648044306284,0.42480715604930647,0.10418137523874894,0.23626427287778284,0.5181208053691275,0.4818791946308725,1491.0,1.2970808340912885,-1.060682570180406,False,0.8718226685071073,B,0.5842162042200216,0.35372352041012245,0.0,0.0,0.1,0.0
XLE,XES,commodities,0.8938322294300064,0.025864038766347214,83.31710928980615,0.25696264213229064,0.39155042927285055,0.23253217773927445,0.5203413354006274,0.5040268456375839,0.4959731543624161,1491.0,0.9452339242052351,-0.40350605046560384,False,0.8225362887788306,B,0.5206411159152735,0.3741359612336528,0.0,0.0,0.1,0.0
XAR,ITA,thematic_factor,0.9517697923576982,0.21100485144469244,127.1329048116096,0.2823491014594791,0.4582820755130542,0.08590883637706057,0.28130099658461294,0.5053691275167785,0.49463087248322146,1491.0,1.0081249821784142,0.043122553762859894,False,0.7975205343869247,B,0.5975205343869248,0.2,0.0,0.0,0.15,0.0
GDX,GDXJ,commodities,0.9645745566262086,0.10892392402418827,77.15693463727713,0.28215250183666013,0.42380195814276395,0.11191396312981958,0.22846635019508543,0.5080536912751678,0.4919463087248322,1491.0,0.8980427919045215,0.14006878040219561,False,0.7779977987157615,B,0.5742445455326932,0.29107607597581175,0.0,0.0,0.0,0.0
IBIT,WGMI,crypto,0.61843503078013,0.43132057738518087,80.75457136228492,0.2579400716232022,0.38946900980626037,0.39913105769667845,0.6706450631964831,0.4968553459119497,0.5031446540880503,478.0,0.42267517266840093,2.5290399340245595,False,0.7771554772236547,B,0.5171554772236547,0.2,0.0,0.0,0.3,0.0
BLOK,BKCH,crypto,0.9277152704870953,0.7634716680102136,362.322293735527,0.5468057370272206,0.6809454613245849,0.19625204603397545,0.3436048709883277,0.5321266968325792,0.4678733031674208,1106.0,0.6800477441751597,0.9094682849557136,False,0.7765954625346637,B,1.0165954625346636,0.0,0.0,0.0,0.4,0.4
XLK,XLC,us_sectors_rotation,0.8331417608691915,0.36598328157013404,202.3096495780921,0.32722218305828676,0.501444235856605,0.1567793892147919,0.3072494770068328,0.4966442953020134,0.5033557046979866,1491.0,1.0925827639132215,-0.2799693012460116,False,0.7720881586177736,B,0.6720881586177736,0.0,0.0,0.0,0.25,0.0
XLV,XLF,us_sectors_rotation,0.6975389313270636,0.02993655369814245,69.09341086254564,0.20378813076070246,0.3060739470215633,0.13152592953226896,0.2608646593521726,0.5100671140939598,0.4899328859060403,1491.0,0.4527349007637011,3.22824529717216,False,0.7718670129000536,B,0.4128226004887533,0.37006344630185756,0.0,0.0,0.25,0.0
SOYB,CORN,commodities,0.6738208788216322,0.13059519132945285,89.32977989790271,0.25859069165566556,0.40242184726828006,0.14435851551576914,0.22185123381626237,0.5033557046979866,0.49530201342281877,1491.0,0.8394906322916912,0.6147449543594816,False,0.7644323261365193,B,0.5358489600671363,0.26940480867054717,0.0,0.0,0.1,0.0
XLB,XLE,us_sectors_rotation,0.6805627206959246,0.08824546208915723,96.02675760070623,0.22245029919534223,0.33120722176424117,0.17713615989321757,0.4090189747680122,0.5154362416107383,0.48389261744966444,1491.0,0.3375589341223136,2.488116335806132,False,0.7643431514725406,B,0.4461149749349507,0.3117545379108428,0.0,0.0,0.25,0.0
DBA,MOO,commodities,0.3265621380309959,0.8731009487003482,1030.6832856380515,0.5626302553078923,0.8272988795933461,0.13928359167517926,0.19723313068695436,0.5093959731543625,0.4906040268456376,1491.0,0.19485285463739938,2.1724520717666733,False,0.7377948084094953,B,1.1377948084094953,0.0,0.0,0.0,0.0,0.4
USMV,SPLV,thematic_factor,0.9510685391985261,0.35028643443627544,98.93379480791704,0.2614431919540814,0.37501600609654545,0.0760835845002409,0.17843243757321492,0.48523489932885905,0.5140939597315436,1491.0,1.191427547291824,-0.6011238801780232,False,0.7203857474701989,B,0.5203857474701988,0.2,0.0,0.0,0.15,0.0
IEF,TLT,credit_rates,0.9070121383497995,0.38842639261584205,122.46727427318697,0.2658781326878906,0.3927341427637384,0.03255827946134635,0.06854261946039486,0.49731543624161073,0.5026845637583892,1491.0,0.4288832647221197,2.6075286188961373,False,0.7194211802332997,B,0.5394211802332997,0.2,0.0,0.0,0.1,0.0
RIOT,MARA,crypto,0.8324609235847997,0.15243195459866188,104.48793825388627,0.19553820445403358,0.31190965371654616,0.6083642759778352,1.5965246479413155,0.4677852348993289,0.5322147651006711,1491.0,0.7463412592911867,0.47573064901895545,True,0.7182839222576155,B,0.38498629047667876,0.24756804540133814,0.0,0.0,0.4,0.0
MTUM,VLUE,thematic_factor,0.7627075913444835,0.13696432721804808,108.52010019521536,0.2176563804246762,0.29672614794428503,0.17566337131494997,0.4193693446010851,0.5335570469798657,0.4664429530201342,1491.0,1.163355708482931,-0.2079557429095633,False,0.7011022680410204,B,0.41697729709365405,0.26303567278195195,0.0,0.0,0.25,0.0
SPY,MDY,us_core_style,0.9059093139423717,0.3671567082586361,129.27853429674516,0.2573245538884977,0.37619918015876647,0.13110088544950302,0.3546181743693131,0.5275167785234899,0.47248322147651006,1491.0,1.1412838147487696,-0.9259818691555655,False,0.693571616512248,B,0.5135716165122479,0.2,0.0,0.0,0.1,0.0
XOP,OIH,us_sectors_rotation,0.900083866602199,0.020034455435888127,61.94364064872845,0.15860821791661361,0.2330706528655564,0.23237395947628373,0.43953369613211546,0.5080536912751678,0.4919463087248322,1491.0,1.075481756719499,-1.185905864126238,False,0.6789428821947391,B,0.31296700099986074,0.3799655445641119,0.0,0.0,0.25,0.0
XLI,XLF,us_sectors_rotation,0.8979904889337484,0.12157961616085938,80.26066737340021,0.18567997550307205,0.2720509787989619,0.10511126202073205,0.2432326823720965,0.5161073825503356,0.48389261744966444,1491.0,0.926577230984847,1.316809601870769,False,0.6661452757023019,B,0.37125100701490343,0.27842038383914064,0.0,0.0,0.25,0.0
NIB,JO,commodities,0.19230575809006434,0.169189465531224,47.47465183159784,0.23364934549322933,0.38611212536856837,0.2769020826484727,0.3756458914931522,0.49608062709966405,0.47144456886898095,894.0,-0.04827576970382252,3.5598373514552044,False,0.6579822895495073,B,0.4964149154213641,0.23081053446877603,0.0,0.0,0.0,0.0
BLOK,WGMI,crypto,0.8965182684434095,0.22565909631804,98.56983295187634,0.18193686211501792,0.25712812565797843,0.28541556005851787,0.6617444422632222,0.5427083333333333,0.45729166666666665,961.0,0.7313857427996548,1.4150609977365791,False,0.6486916612303384,B,0.34869166123033835,0.2,0.0,0.0,0.4,0.0
EMB,PCY,credit_rates,0.958843645559691,0.02823534053492096,41.38196589671027,0.20498366921198252,0.2588262369945637,0.0343786419463324,0.04268901851525797,0.5154362416107383,0.48389261744966444,1491.0,0.7082699731863338,2.366245638136722,False,0.6455435163634273,B,0.38530825473787195,0.3717646594650791,0.0,0.0,0.0,0.0
XLY,IYC,us_sectors_rotation,0.9727651742773713,0.07710823939926362,72.95486526084737,0.17592437247754802,0.2614377378415513,0.06637445215095784,0.12816742027533046,0.5134228187919463,0.4865771812080537,1491.0,0.9644560107628632,0.29845352867623376,False,0.6423916729816428,B,0.3563674405611273,0.32289176060073643,0.0,0.0,0.15,0.0
KBE,KRE,us_sectors_rotation,0.9936658495473721,0.9775420158000105,inf,0.6128456081940903,0.8515841305683262,0.04129580518510378,0.08042439255944211,0.5167785234899329,0.4825503355704698,1491.0,0.8930723088912735,0.2565615628721698,False,0.6395818526178605,B,1.2073460117407298,0.0,0.0,0.0,0.15,0.6277641591228693
VNQ,REM,fx_macro,0.7088265240031812,0.08202151403897878,61.676228605332746,0.18435325841372602,0.24398212350356305,0.18326952539681737,0.3034521229085003,0.5080536912751678,0.4919463087248322,1491.0,0.3320465035718457,3.4063957335346897,False,0.611656642580765,B,0.34907170240805013,0.31797848596102124,0.0,0.0,0.1,0.0
XME,GDXJ,commodities,0.5873110512921923,0.7397763566975145,503.72983112158136,0.49963183213136897,0.73604555287132,0.29530750224568036,0.53362685855432,0.4986577181208054,0.5013422818791946,1491.0,0.3872265688008099,2.3723532328755343,False,0.6041911819702065,B,1.0041911819702065,0.0,0.0,0.0,0.0,0.4
EEMS,EEM,intl_equity,0.9030898817816336,0.555919119541388,433.77751846955505,0.5107699457058519,0.6502202406859895,0.08543189683400815,0.21860316840683947,0.5422818791946309,0.4570469798657718,1491.0,0.7497270481763487,1.15394009834508,False,0.6015520508179076,B,0.9615520508179077,0.0,0.0,0.0,0.1,0.4
QUAL,VLUE,thematic_factor,0.8943706637031005,0.22233870631083963,142.80207609198195,0.17309253469530442,0.26875099957461074,0.14345212164069984,0.3062924718938316,0.5140939597315436,0.48590604026845635,1491.0,1.302199882542129,-1.0494116266611622,False,0.5950923849596552,B-,0.3550923849596553,0.2,0.0,0.0,0.25,0.0
COIN,BKCH,crypto,0.8155374819188881,0.29048194121624826,116.03931020372708,0.15079308029981184,0.22253429807617897,0.5123635920198698,1.0226493812078656,0.49321266968325794,0.5067873303167421,1106.0,1.062249548750508,0.989733061439722,True,0.5886759192890791,B-,0.28867591928907915,0.2,0.0,0.0,0.4,0.0
RINF,VTIP,fx_macro,0.235451877856408,0.11420069227374874,105.95846444886291,0.21077652271477912,0.2594739245827197,0.16266260141878197,0.30977269679609876,0.5221476510067115,0.47516778523489933,1491.0,-1.2185105989006944,8.181935539075411,False,0.5862723313951368,B-,0.3862128159867609,0.2857993077262513,0.0,0.0,0.0,0.0
TLT,EDV,credit_rates,0.9756549925892567,0.004224916798661123,25.627640824291987,0.15823164798112238,0.20971959386094863,0.038467262766221325,0.03954500327019339,0.5134228187919463,0.4865771812080537,1491.0,0.7039225536822501,1.504654619396316,False,0.5812870218593198,B-,0.30424446361838253,0.3957750832013389,0.0,0.0,0.0,0.0
EWJ,EWH,intl_equity,0.5298530803898095,0.7011000376499998,207.55975879404892,0.2946862949677748,0.39816885536373053,0.1927821912796245,0.4234974235164546,0.5174496644295302,0.4825503355704698,1491.0,0.005488503078182553,4.137015166480123,False,0.564934545252057,B-,0.564934545252057,0.0,0.0,0.0,0.0,0.0
QQQ,IWF,us_core_style,0.9884022313761345,0.015659603197004757,64.66814455291485,0.21187016429609337,0.3154494267061172,0.03863760809245228,0.078598603032904,0.5067114093959731,0.49328859060402686,1491.0,1.026898445699559,0.10815868594288247,False,0.5601138790895723,B-,0.4311127909297173,0.38434039680299525,0.0,0.0,0.0,0.1400371896022416
XBI,ARKG,thematic_factor,0.8567791233927371,0.6832585967453475,150.9414870728314,0.22710609738298485,0.34324335996829813,0.21760869584503803,0.5186622012080733,0.5120805369127517,0.4879194630872483,1491.0,0.36104218063213256,3.2487535937452305,False,0.5570032053366321,B-,0.4570032053366321,0.0,0.0,0.0,0.25,0.0
UUP,DBV,commodities,0.015361762364086009,0.6251413828983798,121.31803328311922,0.1958993574987747,0.31967014886402956,0.09970530231397647,0.24114751461073025,0.4975186104218362,0.5012406947890818,807.0,0.5505894985670433,1.5007757173943232,False,0.5548455114113808,B-,0.4148455114113808,0.2,0.0,0.0,0.0,0.0
XLY,XRT,us_sectors_rotation,0.7620930046018307,0.6382535485689926,186.3859003369815,0.23442502575873447,0.32081251419448276,0.16802407097406805,0.28838335189758446,0.5154362416107383,0.48456375838926175,1491.0,0.6322986366218114,1.7688557344742781,False,0.5532261186569207,B-,0.4532261186569207,0.0,0.0,0.0,0.25,0.0
XME,XLB,us_sectors_rotation,0.794609990843042,0.7322520109179353,177.114554612124,0.22740540910035706,0.3365724689830852,0.31246167898301375,0.7318157251294255,0.5046979865771812,0.49530201342281877,1491.0,2.1680776680131504,-4.12690660833199,False,0.5483698228859282,B-,0.4483698228859282,0.0,0.0,0.0,0.25,0.0
SLV,SIL,commodities,0.764091460978385,0.5512362552224462,228.08153205650532,0.4876530123419709,0.5917114419362755,0.2062028574074976,0.3585589825200226,0.5060402684563758,0.49395973154362416,1491.0,0.6605046884782902,0.7997117907309113,False,0.5346798420469632,B-,0.8946798420469632,0.0,0.0,0.0,0.1,0.4
XLY,XLC,us_sectors_rotation,0.8166454289716217,0.04000047057335844,63.036749682562174,0.09083428376730492,0.1376149695058124,0.15572424256459627,0.26715559430571556,0.5033557046979866,0.4966442953020134,1491.0,0.7164061853987641,1.3792871210299738,False,0.5338213211339083,B-,0.18182165053525928,0.3599995294266416,0.0,0.0,0.25,0.0
AGG,BNDX,credit_rates,0.7274730699124587,0.0005680875809405563,29.45368960671195,0.10291022909683904,0.14901647292480966,0.045559045523861606,0.07050856941733574,0.5026845637583892,0.4959731543624161,1491.0,1.0487946953513365,0.5060484806605343,False,0.5254139274492007,B-,0.2058115887558591,0.39943191241905945,0.0,0.0,0.1,0.0
IWO,IWN,thematic_factor,0.8960286534562696,0.41832246511602594,171.86684874555505,0.21689892758355223,0.30836436459052025,0.13108620289080825,0.4588226812566747,0.5348993288590604,0.4651006711409396,1491.0,0.7420593942497047,1.8465146694846375,False,0.5235775291717829,B-,0.4235775291717829,0.0,0.0,0.0,0.25,0.0
WOOD,CUT,commodities,0.9464707368344699,0.04126831692585002,40.17478696748768,0.11477817218590287,0.16963180901792854,0.08176599804646824,0.11145374696978205,0.5033557046979866,0.4966442953020134,1491.0,1.0728004315360637,0.6244753104737542,False,0.5224035417109621,B-,0.2312913635590572,0.35873168307415,0.0,0.0,0.1,0.0
XLU,TLT,thematic_factor,-0.024499767007739023,0.099666979741241,62.80452064798765,0.13292743831282405,0.17622446442626963,0.2283399865189807,0.42294394622911646,0.5302013422818792,0.4697986577181208,1491.0,-0.28567938660463815,4.891489150640799,False,0.5180587986677617,B-,0.24782568448663042,0.300333020258759,0.0,0.0,0.15,0.0
VIG,SCHD,thematic_factor,0.9249731804600921,0.9383581211834691,2004.1962525575066,0.4059354840087264,0.5892974727083851,0.07937594277831829,0.21226507293688268,0.5228187919463088,0.4771812080536913,1491.0,1.0572150666289413,1.7114692541560084,False,0.5141984134458583,B-,0.8141984134458583,0.0,0.0,0.0,0.25,0.4
TLT,ZROZ,credit_rates,0.9792798904432141,0.5935882521289398,134.58551293855973,0.1912009128747169,0.26108642335263027,0.03479312571244742,0.06917354190690883,0.5080536912751678,0.4919463087248322,1491.0,0.671703293384293,1.6233167711497405,False,0.5125779383834199,B-,0.3725779383834199,0.2,0.0,0.0,0.0,0.0
XLRE,IYR,us_sectors_rotation,0.9858820960259626,0.00028696314261384824,33.61933651824351,0.14137795123783278,0.17800633784556014,0.040634025396333796,0.07361935224244043,0.5234899328859061,0.47651006711409394,1491.0,0.9868987716882437,-0.766785895109761,False,0.5062741927190036,B-,0.26451000068487607,0.3997130368573862,0.0,0.0,0.15,0.09803493376604282
RINF,TIP,fx_macro,0.22778357474138697,0.018042333742130427,65.69422889307538,0.12829955819234826,0.15964084605359577,0.17053775762140594,0.32172880635012113,0.5174496644295302,0.4812080536912752,1491.0,-0.8973028694026778,7.683357306048341,False,0.5009839406833716,B-,0.23361357430286284,0.3819576662578696,0.0,0.0,0.0,0.0
IWM,IWN,us_core_style,0.9704383044021867,0.3663289278440688,158.20627190545846,0.24608761131941817,0.35182011901821136,0.06691419185068812,0.22307671577249089,0.5295302013422819,0.4704697986577181,1491.0,0.8835601139441976,0.8724502693083434,False,0.4879001603167163,B-,0.4879001603167163,0.0,0.0,0.0,0.0,0.0
TIP,IEF,credit_rates,0.7515823197667244,0.11321380731334879,116.32588008210288,0.13471840327613124,0.15572106924836082,0.04611904437930717,0.10765977441788266,0.5221476510067115,0.4778523489932886,1491.0,0.6930297651911139,1.5285140190242608,False,0.48232029114228203,B-,0.24156995626162617,0.28678619268665123,0.0,0.0,0.1,0.0
XLK,SMH,us_sectors_rotation,0.9112941993974697,0.001716615894242185,31.240211134133556,0.051669795343642355,0.07707357567738973,0.11525392611354046,0.18498171467856928,0.5140939597315436,0.48590604026845635,1491.0,0.6857809677559377,0.972705686727668,False,0.48072003289827425,B-,0.10192166402424378,0.3982833841057578,0.0,0.0,0.25,0.0
PHO,CGW,thematic_factor,0.9300968778953449,0.33587713241718464,134.19500837875478,0.11064877015897016,0.17689855438760024,0.09940480326132596,0.18487307596502678,0.5053691275167785,0.49463087248322146,1491.0,1.2696251762185802,-0.9943566786794062,False,0.47078029671098975,B-,0.2307802967109898,0.2,0.0,0.0,0.25,0.0
ICLN,TAN,thematic_factor,0.9296403339392434,0.1606905730801368,72.3413222492684,0.10385324213683753,0.14589925266811313,0.11791023950206272,0.26876767927085465,0.5174496644295302,0.4818791946308725,1491.0,0.6837195547804188,0.07507377987768171,False,0.46812396426300384,B-,0.2006073654190996,0.23930942691986323,0.0,0.0,0.25,0.0
HYG,SRLN,credit_rates,0.7413392716275888,0.1706187570067192,68.06461141272537,0.12928406188853778,0.19185563535257247,0.06982238475096189,0.14086472019807683,0.49328859060402686,0.5067114093959731,1491.0,1.173413514860477,-0.02888354579696273,False,0.4613325823266735,B-,0.26076571223137696,0.22938124299328083,0.0,0.0,0.1,0.0
XLU,XLP,us_sectors_rotation,0.739832410780657,0.13295440205927128,76.22373166120609,0.08765568086856615,0.12696698336034412,0.1508487391334545,0.3016464736001123,0.5100671140939598,0.489261744966443,1491.0,0.9976521765850295,-0.7344522792920749,False,0.45743155830731486,B-,0.17049963974880478,0.26704559794072874,0.0,0.0,0.25,0.0
EMB,VWOB,credit_rates,0.979091610464335,0.12151001973961534,29.825248662911797,0.12707042634341506,0.16479837081234255,0.024613213443488255,0.03684762124933183,0.489261744966443,0.5093959731543625,1491.0,1.025930873146921,0.2287111458598199,False,0.43663531966933744,B-,0.2416923334870682,0.2784899802603847,0.0,0.0,0.0,0.0
XLV,XLY,us_sectors_rotation,0.6238661565385821,0.18281418001825644,106.76638675872051,0.1093068236133283,0.16297942318053418,0.1435405114740088,0.32815561509985613,0.5,0.4993288590604027,1491.0,0.4931725755642822,2.665394977140388,False,0.4288593815249256,B-,0.21682930753770507,0.21718581998174358,0.0,0.0,0.15,0.0
ICLN,XLE,thematic_factor,0.43868503043983476,0.3172640165353735,162.72841982623763,0.20178016792424716,0.2683149043583053,0.3500458812372536,1.0472141547642044,0.49395973154362416,0.5060402684563758,1491.0,-0.1709920676445826,3.4223371432739373,False,0.4286563178797768,B-,0.3686563178797768,0.0,0.0,0.0,0.15,0.0
SHY,IEF,credit_rates,0.7802932462780576,0.35147296749732215,110.47992494606741,0.1300047609370252,0.16998773629670605,0.012626203040319006,0.028209187389856893,0.5187919463087248,0.4791946308724832,1491.0,0.23502496119563973,3.3343222739795886,False,0.42843199259692233,B-,0.2484319925969223,0.2,0.0,0.0,0.1,0.0
MTUM,QUAL,thematic_factor,0.8731875855894129,0.4272203747037547,164.2697846865761,0.17323316348511222,0.22536430000246668,0.12068497625201775,0.3347047753738712,0.5288590604026846,0.47114093959731546,1491.0,0.8507401858234709,0.9388747551697803,False,0.4242940779793615,B-,0.3242940779793615,0.0,0.0,0.0,0.25,0.0
GLD,GDX,commodities,0.7488119273160845,0.19911529829943692,90.90897635457215,0.12291334455912388,0.17046732489500213,0.22718033813091096,0.43663892499180257,0.5120805369127517,0.4879194630872483,1491.0,0.8098332362845438,2.3943599456009017,False,0.4141269846761835,B-,0.2335076934857893,0.2008847017005631,0.0,0.0,0.1,0.0
RINF,IEF,fx_macro,-0.328516553547085,0.003066487016612057,43.777829467021476,0.0742805742720055,0.09379035779521154,0.1383330637407743,0.22198453033056875,0.5140939597315436,0.48590604026845635,1491.0,-0.8804500755637263,7.511690673475561,False,0.41334759321041376,B-,0.1354941341220422,0.39693351298338797,0.0,0.0,0.0,0.0
QQQ,QQQE,us_core_style,0.9545289298582159,0.23844897419265726,95.77879291111034,0.13456277014880788,0.2086115421575676,0.14009131211082307,0.364012396033786,0.49261744966442955,0.5073825503355704,1491.0,1.5221002443322467,-0.7175249121131513,False,0.4133106017384295,B-,0.27331060173842947,0.2,0.0,0.0,0.0,0.0
MUB,TFI,credit_rates,0.846267353448111,5.502024920113217e-07,7.1602387997642865,0.05495390746939266,0.05271311948777353,0.033163824789756303,0.05004593243363065,0.5080536912751678,0.4885906040268456,1491.0,0.7182264530589756,1.9192770945538182,False,0.41085178732041716,B-,0.09085217246216151,0.399999449797508,0.0,0.0,0.1,0.0
XLE,XOP,us_sectors_rotation,0.9175633791711683,0.22308142844670692,77.37248222893948,0.09349572209783458,0.11877942697436389,0.16504114279536014,0.5384490866518452,0.5080536912751678,0.4919463087248322,1491.0,0.8836100596886284,-0.6010629937306229,False,0.4058723392468524,B-,0.1658723392468524,0.2,0.0,0.0,0.25,0.0
CORN,WEAT,commodities,0.6314982390946026,0.602444675238697,298.6054632386332,0.39835231678750027,0.585539001820903,0.17416490661891504,0.2197870043653518,0.4993288590604027,0.49798657718120803,1491.0,0.6607346269480376,0.7068593153873906,False,0.4038338779748253,B-,0.8038338779748253,0.0,0.0,0.0,0.0,0.4
FRI,IYR,intl_equity,0.9805603442277504,0.36721150037003497,118.46794099935832,0.13453250698710176,0.18194592296884068,0.05138137957495664,0.06149392307044055,0.4959731543624161,0.5040268456375839,1491.0,1.0713137412913203,-1.5851606200851398,False,0.3913257041413744,B-,0.26066477460388143,0.2,0.0,0.0,0.0,0.009339070462507001
XLK,SOXX,us_sectors_rotation,0.9086896562160643,0.039130265369928086,51.42193587168056,0.017564941546491353,0.028394313858861188,0.1393087504173678,0.2328719972695561,0.4919463087248322,0.5080536912751678,1491.0,0.8777447159469232,-0.03838930811278818,False,0.3853923355433534,B-,0.032783521302303054,0.36086973463007194,0.0,0.0,0.25,0.0
GDXJ,SILJ,commodities,0.9297165570151789,0.4075788385398176,162.598165780814,0.18980482101534266,0.22695955143804172,0.17856645601445517,0.49405129977690176,0.5221476510067115,0.4778523489932886,1491.0,0.9880294644602644,1.3443890613337919,False,0.3787954810264338,B-,0.3387954810264338,0.0,0.0,0.0,0.1,0.0
DBB,PICK,commodities,0.5905760140862433,0.02151439794266378,37.19670016883996,0.061060286816597927,0.08378751977983745,0.18453764460454594,0.3453670447201542,0.5026845637583892,0.49731543624161073,1491.0,0.6663133538024097,0.5087263043628614,False,0.3777441312082165,B-,0.11280420976808106,0.3784856020573363,0.0,0.0,0.0,0.0
VCSH,SHY,credit_rates,0.5433507113842984,0.0026625650345099123,60.387756989167336,0.060793203349120896,0.055620178720599246,0.0356669091423899,0.14865040813860642,0.5335570469798657,0.4604026845637584,1491.0,1.294097326030113,-1.357697785620986,False,0.37489052476661133,B-,0.09675432029076825,0.3973374349654901,0.0,0.0,0.0,0.0
UUP,FXB,fx_macro,-0.7204928027963261,0.5745851319686999,177.66834430660217,0.2176293655774588,0.21094757345988785,0.06198451339801939,0.0865291791471976,0.5543624161073826,0.44563758389261743,1491.0,-0.9315097180192865,7.794604691838007,False,0.3635620834164363,B-,0.3635620834164363,0.0,0.0,0.0,0.0,0.0
EWJ,EWT,intl_equity,0.633537558059308,0.3559833271041578,130.76276741573164,0.1067162658940528,0.1737631613623814,0.15008913314327527,0.28602064573708175,0.4986577181208054,0.5013422818791946,1491.0,0.534248074135646,2.052569549117579,False,0.3626300659329781,B-,0.22263006593297813,0.2,0.0,0.0,0.0,0.0
IHY,HYG,credit_rates,0.7321158810418914,0.00014603148619883412,17.619435819300868,0.015338087337212156,0.019489164536145364,0.11348216502581562,0.18180585948806716,0.48456375838926175,0.5147651006711409,1491.0,1.6172172090331707,-4.001318412250541,False,0.3452421632824134,B-,0.025344385322752568,0.3998539685138012,0.0,0.0,0.1,0.0
XLU,XLV,us_sectors_rotation,0.6656734958274502,0.2107034353153216,92.26828356247535,0.05592813630925237,0.0762969700281952,0.17141165973072864,0.3708454146617779,0.5194630872483221,0.48053691275167787,1491.0,0.6127443729419771,0.562183763222103,False,0.34191910703575346,B-,0.10191910703575345,0.2,0.0,0.0,0.25,0.0
XHB,ITB,us_sectors_rotation,0.9732087698436671,0.20933418655355207,93.43397296440584,0.0720681237409812,0.10365425871656321,0.07997525633133473,0.15984964881308183,0.5033557046979866,0.4966442953020134,1491.0,0.9772472689169052,0.10775948338588481,False,0.3414291118663138,B-,0.1414291118663138,0.2,0.0,0.0,0.15,0.0
LQD,BND,credit_rates,0.8691640320444481,1.1872381416276258e-05,29.488675382889568,0.012140120997060215,0.01423197855262781,0.0535142468252973,0.16071592940580448,0.508724832214765,0.4906040268456376,1491.0,1.207793701982836,-0.4973304202157811,False,0.33887987672879216,B-,0.018888187395783594,0.3999881276185837,0.0,0.0,0.1,0.0
IEMG,VWO,intl_equity,0.9857025609103881,0.0023376834862888878,34.5718638779146,0.08158204580391909,0.10348065896523499,0.037391527522593934,0.0822507367516736,0.48523489932885905,0.5147651006711409,1491.0,1.0567100817630861,-0.023289441725815596,False,0.33569443206434585,B-,0.1523734923445501,0.39766231651371114,0.0,0.0,0.0,0.09504268183980202
FXE,FXB,fx_macro,0.7205473273468986,0.05865728419258822,66.01612162472368,0.025117762194051173,0.041373302144293585,0.06294427444282277,0.1486044670275497,0.47516778523489933,0.5248322147651007,1491.0,0.9809822892104948,-0.09288239680828703,False,0.33004688541969396,B-,0.05110698435450569,0.3413427158074118,0.0,0.0,0.1,0.0
XLP,IYK,us_sectors_rotation,0.9043964385415417,0.038110705905832605,53.13170887437159,-0.010903908714548093,-0.014606453744400796,0.08608028600269578,0.1693146761437423,0.5161073825503356,0.48389261744966444,1491.0,0.5637994075104981,1.9582722760709008,False,0.32880778600741367,B-,-0.024514719858503495,0.3618892940941674,0.0,0.0,0.25,0.0
EZU,EWG,intl_equity,0.9758257955866916,0.7777996088480208,453.0802373116127,0.3607832913720008,0.5232601039782807,0.05378468364829554,0.12351720766161867,0.5221476510067115,0.4771812080536913,1491.0,0.875461784973356,0.8282673059862109,False,0.3245950200035649,B-,0.7245950200035649,0.0,0.0,0.0,0.0,0.4
PFF,PGX,fx_macro,0.9508415224043777,0.0722139945577013,48.47500135996755,0.05469092086861219,0.06083509191342318,0.05811050736279883,0.13773984039303588,0.5335570469798657,0.46174496644295304,1491.0,0.7433306607473785,1.6240213762895503,False,0.3239708922097568,B-,0.0945206884001477,0.32778600544229874,0.0,0.0,0.0,0.0
MSTR,IBIT,crypto,0.7682321320712302,0.2672072397440643,33.857493203775135,0.0195584858230291,0.02637883269990691,0.6382380581613453,0.9079782165964714,0.5094339622641509,0.49056603773584906,478.0,1.836002089404565,-1.6380476348363828,True,0.32305529467184124,B-,0.023055294671841232,0.2,0.0,0.0,0.4,0.0
EWA,EWS,intl_equity,0.7763904898284226,0.17052627565254863,63.576417684548474,0.0641756194361817,0.07954572222507802,0.19122847755686276,0.3538180136681319,0.5073825503355704,0.49261744966442955,1491.0,0.5761968028150727,1.4051154365366536,False,0.3134128717635897,B-,0.11278126472037367,0.2294737243474514,0.0,0.0,0.1,0.0
XLU,XLRE,thematic_factor,0.769715429145175,0.7139424765351835,225.63692510200337,0.30593895490670786,0.4413036405293507,0.1449066154580032,0.1987989161145025,0.5228187919463088,0.4771812080536913,1491.0,0.6183390570424271,1.2572847557845805,False,0.3108755249549633,B-,0.6108755249549633,0.0,0.0,0.0,0.25,0.4
IEI,SHY,credit_rates,0.8892696505054772,0.0053738834632984615,31.53389494005841,-0.0032831528522102365,-0.0048813848226995915,0.021615934015130848,0.032024591057166596,0.47583892617449663,0.5208053691275167,1491.0,2.334253911588277,-5.525407389828961,False,0.30889766752644776,B-,-0.007340614049243283,0.39462611653670154,0.0,0.0,0.1,0.0
RINF,TLT,fx_macro,-0.33890598499007263,0.009810247616626027,51.55034332326108,0.02079243236059129,0.026056006226708103,0.13721052538342854,0.22692380114264132,0.5080536912751678,0.4919463087248322,1491.0,-0.37493921364258825,5.203233549068224,False,0.30762598736479596,B-,0.03449316069643413,0.390189752383374,0.0,0.0,0.0,0.0
HYG,JNK,credit_rates,0.9926048667561609,0.5672076098143468,119.22512352899444,0.1875686562665202,0.24799907203366434,0.016416103956271154,0.02142919779560426,0.5060402684563758,0.49261744966442955,1491.0,0.8784614053490388,0.35067262199864047,False,0.2906583101314913,C,0.3607394227341731,0.2,0.0,0.0,0.0,0.21008111260268175
EWC,EWH,intl_equity,0.5772535303348687,0.8070383768869954,285.34078876799333,0.3808897284238125,0.44856854888910047,0.24589735632323692,0.6094215718328817,0.536241610738255,0.46308724832214765,1491.0,-0.1751924431939491,4.10380876647993,False,0.28269928120952514,C,0.6826992812095252,0.0,0.0,0.0,0.0,0.4
XME,GDX,us_sectors_rotation,0.5329683684076068,0.6639637857895712,366.60923981965186,0.31118407995813907,0.4611316343741727,0.3132892307905072,0.5712731174601302,0.4986577181208054,0.5013422818791946,1491.0,0.6433470624785489,1.5572759388781479,False,0.28255076167085724,C,0.6225507616708573,0.0,0.0,0.0,0.15,0.4
DIA,RSP,us_core_style,0.956062967307847,0.5598275298336975,184.6348728443885,0.1389557357434693,0.20825328228233891,0.05954647432544433,0.1359310808812717,0.4966442953020134,0.5033557046979866,1491.0,0.9132823035636828,1.2938858374618984,False,0.28201441172348113,C,0.28201441172348113,0.0,0.0,0.0,0.0,0.0
VLUE,SPYV,thematic_factor,0.9588878394314296,0.5800793340728203,166.15270633146332,0.11355869850895388,0.14830648941439914,0.10405343564633154,0.24750157708151832,0.5120805369127517,0.4879194630872483,1491.0,0.6917260396974472,1.9982049801239263,False,0.2724232095574029,C,0.2124232095574029,0.0,0.0,0.0,0.15,0.0
IYT,XLI,us_sectors_rotation,0.9049232552932067,0.22236907762594865,98.65057089057586,0.016308867092471358,0.02355485748911982,0.13826526088584049,0.30122685989027165,0.5100671140939598,0.4899328859060403,1491.0,0.6707089887550087,0.9716593961114262,False,0.26677273013704983,C,0.026772730137049797,0.2,0.0,0.0,0.25,0.0
TIP,SHY,credit_rates,0.6055498115010016,0.05918226679657893,78.62785895110108,0.016126783659913116,0.020077655116769233,0.057270935814934296,0.1274247211804571,0.49261744966442955,0.5053691275167785,1491.0,2.8317199720586608,-7.785729818785675,False,0.26620506106043723,C,0.027632647818042436,0.3408177332034211,0.0,0.0,0.0,0.0
SPY,IWM,us_core_style,0.8676063276446935,0.5505892800321472,238.18628640863741,0.31116135017626717,0.4528592466084555,0.15655117308529537,0.4453210548141877,0.5181208053691275,0.4818791946308725,1491.0,1.108976471635844,0.25739277440963626,False,0.25925640170590236,C,0.6192564017059023,0.0,0.0,0.0,0.1,0.4
XLP,XLY,us_sectors_rotation,0.5663978628848634,0.05429298872627994,63.81543823970924,-0.023781916540525663,-0.03405372939302775,0.1367928132269064,0.24823441383440947,0.4919463087248322,0.5080536912751678,1491.0,0.38899731975912766,2.5543101606393295,False,0.24941069249927075,C,-0.052584215392333274,0.34570701127372006,0.0,0.0,0.15,0.0
EWY,EWT,intl_equity,0.7557399657411964,0.3787599834466945,124.51259895979474,0.034796424043092675,0.05765427121577458,0.18431209149019298,0.5683024500470513,0.49328859060402686,0.5067114093959731,1491.0,0.8411255623181768,0.8876468390151766,False,0.24378836489319386,C,0.06378836489319385,0.2,0.0,0.0,0.1,0.0
VEA,VEU,intl_equity,0.9875536170367313,0.25484338927317757,98.71936577910341,0.1091495904580327,0.1637252836610619,0.03212134585667042,0.05230370082063862,0.4899328859060403,0.5100671140939598,1491.0,1.0443569386203346,-0.3633839341227798,False,0.23681759772550826,C,0.22271121500436325,0.2,0.0,0.0,0.0,0.12589361727885495
VTI,RSP,us_core_style,0.9451185805735418,0.5892919725341472,240.25951466437445,0.29760596136630624,0.419281501538174,0.08231690175792919,0.25214687026910454,0.5181208053691275,0.4812080536912752,1491.0,1.1342581844384856,-0.25373224215326484,False,0.22606007503764602,C,0.586060075037646,0.0,0.0,0.0,0.1,0.4
SHY,BIL,credit_rates,0.3260412230074306,0.0018396515126455635,29.61943438228117,-0.037966549459264656,-0.02546486792770275,0.0797491200933715,0.09262970788464031,0.6308724832214765,0.33489932885906043,1491.0,-7.309170601752433,37.43907507314506,False,0.22106769277479874,C,-0.05764455116634939,0.3981603484873545,0.0,0.0,0.0,0.0
GDX,XME,commodities,0.5329683684076068,0.7865631983497501,295.95259506315364,0.32315338616677364,0.449025509747925,0.3545013095938841,0.861421278364539,0.4986577181208054,0.5013422818791946,1491.0,0.2749933082951291,2.499610260028266,False,0.2202428174230303,C,0.6202428174230303,0.0,0.0,0.0,0.0,0.4
HYG,BND,credit_rates,0.44125792577920053,0.010062403153468197,45.44687845806323,-0.027787159115564883,-0.03215785392049204,0.08998429042857295,0.25211462936243834,0.5147651006711409,0.48523489932885905,1491.0,0.6039929174592013,1.7537335610160807,False,0.2176163683454142,C,-0.055339949447158074,0.38993759684653184,0.0,0.0,0.0,0.0
HYG,LQD,credit_rates,0.6118389921792942,0.015092359908776248,39.770091153389224,-0.027270784439142524,-0.030855383870015317,0.07944202194579139,0.19330466539510205,0.525503355704698,0.47449664429530203,1491.0,0.5268426619230556,1.875051118679441,False,0.2166997016078014,C,-0.05273564645605528,0.3849076400912238,0.0,0.0,0.0,0.0
EWY,EWJ,intl_equity,0.6696096977208601,0.4471892059701864,150.60475472241475,0.08962652633918931,0.1317330738103886,0.20937450225446189,0.6077227484889267,0.5040268456375839,0.4959731543624161,1491.0,0.9117725002606606,0.4083852466869087,False,0.2096852230366828,C,0.1696852230366828,0.0,0.0,0.0,0.1,0.0
SOXX,SMH,thematic_factor,0.9894139171046218,0.2211838478750337,87.13752208135135,0.08192974731734534,0.11704689974297457,0.10561536503772109,0.2770352521900872,0.5033557046979866,0.4966442953020134,1491.0,0.7642723184741524,1.2367836043260052,False,0.20142325368326233,C,0.15832187209362578,0.2,0.0,0.0,0.15,0.15689861841036343
XLB,XLI,us_sectors_rotation,0.8951319917879624,0.3093281063042662,129.18366865119293,-0.015750606337248313,-0.02345823161770728,0.12598355501527414,0.32355143215463533,0.5120805369127517,0.4879194630872483,1491.0,0.6194913241941477,0.7978252246580144,False,0.20135760288726387,C,-0.03864239711273612,0.2,0.0,0.0,0.25,0.0
DBB,XME,commodities,0.48534421793761523,0.2410980036283143,102.90573802018824,0.026537512228782263,0.03656857882801742,0.17538093590463835,0.4593696488596315,0.5006711409395973,0.49798657718120803,1491.0,0.2993943613056244,1.7819835512459894,False,0.18294812443120181,C,0.04294812443120183,0.2,0.0,0.0,0.0,0.0
SPY,RSP,us_core_style,0.9358035444461442,0.6216533618002602,220.94183813414605,0.2754762684488372,0.3896893750402428,0.09455076879428818,0.2843672942386348,0.508724832214765,0.4912751677852349,1491.0,1.177807073105862,0.21680953023942084,False,0.18257148509223442,C,0.5425714850922344,0.0,0.0,0.0,0.1,0.4
QQQ,XLK,us_core_style,0.9762031169878225,0.42907481108516854,161.86664885955844,0.0898229301407319,0.13096810548971005,0.05534568196529976,0.14745245623512204,0.5067114093959731,0.49328859060402686,1491.0,0.9030093396562232,1.927230569106392,False,0.17855155485882646,C,0.17855155485882646,0.0,0.0,0.0,0.0,0.0
UUP,FXE,fx_macro,-0.8629238973837806,0.8593135868889759,315.45922682170607,0.3646836227861886,0.30508702369467305,0.04128840808266183,0.07695368117961232,0.5476510067114094,0.45033557046979866,1491.0,-0.976181422007995,7.829776257377583,False,0.17670546574886747,C,0.5767054657488675,0.0,0.0,0.0,0.0,0.4
EPI,PIN,intl_equity,0.9152625648885114,0.632510552882264,223.68668733650537,0.23985553469497228,0.43104495769093815,0.14946390061426576,0.33872053897451915,0.4966442953020134,0.5026845637583892,1491.0,1.4790637936239432,-1.1491667393623222,False,0.17481259429913854,C,0.5348125942991385,0.0,0.0,0.0,0.1,0.4
VEU,VXUS,intl_equity,0.9984979322365524,0.09463724483977981,36.625658397091286,0.11170597098171534,0.17611735516139201,0.010671825100847122,0.017931625573619492,0.4865771812080537,0.512751677852349,1491.0,1.00456614469468,-0.049580107838459675,False,0.14008454508616508,C,0.23462948708321735,0.3053627551602202,0.0,0.0,0.0,0.3082988706092064
BND,AGG,credit_rates,0.9574348499763441,2.2090006215328554e-15,2.763618600316872,-0.007616264355401971,-0.008386585069021804,0.01972704079900022,0.027659592667635735,0.5006711409395973,0.4993288590604027,1491.0,1.0312836960440834,-0.44265943442235134,False,0.12595993424292848,C,-0.014040065757069948,0.1999999999999978,0.0,0.0,0.0,0.0
PICK,XME,commodities,0.8477896826177251,0.32521365453086193,139.1744365660665,-0.02537080960771585,-0.03452558846326339,0.19809840285782745,0.5496890733299153,0.5,0.4993288590604027,1491.0,0.42577076104964184,2.0015007909316873,False,0.11946749700140147,C,-0.06053250299859853,0.2,0.0,0.0,0.1,0.0
SPHB,SPYG,thematic_factor,0.8166174833310976,0.21898735608188308,126.68583416809577,-0.05496563988796579,-0.081861352382363,0.19221921081110188,0.4227859032018264,0.48590604026845635,0.5140939597315436,1491.0,1.043601155390584,-0.0912756340748011,False,0.11927569538034358,C,-0.12072430461965641,0.2,0.0,0.0,0.25,0.0
BNDX,BND,credit_rates,0.7270110999665967,0.0002687895468014051,27.117445349711044,-0.11445732806317915,-0.12456209455425961,0.042288991444993845,0.08609533770703992,0.5053691275167785,0.49463087248322146,1491.0,0.9002295798863288,0.03262470218033453,False,0.11643914631193733,C,-0.2033727010053017,0.3997312104531986,0.0,0.0,0.1,0.0
SPLV,SPHB,thematic_factor,0.6142185265887478,0.012758053594522053,38.54596774164908,-0.1177438700081553,-0.15600258545422394,0.14430354981082397,0.263586149580751,0.5120805369127517,0.4879194630872483,1491.0,0.339437686204761,2.6991386814871348,False,0.09885195966610744,C,-0.23221740281772707,0.38724194640547793,0.0,0.0,0.15,0.0
COIN,BLOK,crypto,0.7920506274494505,0.06983194506502569,48.665992795259434,-0.1445135806041653,-0.20985876750050553,0.5249927889927177,0.927256842836,0.488013698630137,0.511986301369863,1169.0,1.509552679394517,-0.25034858873437305,True,0.08378274768820651,C,-0.30733489076627557,0.33016805493497436,0.0,0.0,0.4,0.0
SMH,XSD,thematic_factor,0.9426781923638732,0.4498924593945302,164.67408926765856,-0.005263774838515046,-0.008236294499855419,0.24434919328338964,0.6540311499659488,0.4812080536912752,0.5187919463087248,1491.0,1.4102910408222258,-2.4184117684095128,False,0.07589019601226718,C,-0.024109803987732818,0.0,0.0,0.0,0.25,0.0
DIA,SPY,us_core_style,0.9449859255149631,0.002469213925423087,31.392264925198788,-0.12260858408592362,-0.16701304213522392,0.07434075531244975,0.15603289154993671,0.47516778523489933,0.5248322147651007,1491.0,0.7531866280433771,1.26122759294869,False,0.07563317884062476,C,-0.2426383714115791,0.3975307860745769,0.0,0.0,0.1,0.0
XOP,XLE,commodities,0.9175633791711683,0.1674389103489829,69.64864152504458,-0.07128241085519826,-0.08630407645769463,0.19059089519576392,0.4737678194831565,0.4959731543624161,0.5040268456375839,1491.0,1.0766215935935177,0.8743450832949713,False,0.06162214199046437,C,-0.1411706207652476,0.23256108965101713,0.0,0.0,0.1,0.0
USMV,MTUM,thematic_factor,0.7865297931428673,0.19056250798346575,101.56299385299145,-0.08848992368799038,-0.14037320465421393,0.10654515671591584,0.18964028910247777,0.4671140939597315,0.5328859060402684,1491.0,0.6049536464823629,1.2372178107200003,False,0.056062271683584325,C,-0.19054397272798967,0.20943749201653428,0.0,0.0,0.25,0.0
EWU,EZU,intl_equity,0.8973184754755877,0.09061705157616512,82.36725916973585,-0.10788538359015751,-0.1475275177090019,0.09654135745060992,0.23742388283978721,0.5208053691275167,0.4791946308724832,1491.0,0.742019879676133,0.6499145999400531,False,0.04066494025342984,C,-0.2159031236432546,0.3093829484238349,0.0,0.0,0.1,0.0
IWM,IJR,us_core_style,0.9781662676508515,0.6602845269048875,247.03761876221301,0.22239698745863173,0.3131082247822622,0.05982068051280543,0.1803839919046304,0.5241610738255034,0.47583892617449663,1491.0,0.9029563506920343,1.113154544012482,False,0.037965064968122575,C,0.4379650649681226,0.0,0.0,0.0,0.0,0.4
PGX,LQD,fx_macro,0.46017377887293953,0.0003519566194789927,15.00286418591048,-0.14036540035012487,-0.1527788534243336,0.1570135682416025,0.24617406287163446,0.4919463087248322,0.5080536912751678,1491.0,1.1526676183012694,-2.9433938391881216,False,0.027519551361773698,C,-0.25223407900459105,0.39964804338052107,0.0,0.0,0.0,0.0
SRLN,LQD,fx_macro,0.3300298918620563,0.007385850129940888,30.71484975894843,-0.14918178540129223,-0.1485858870288925,0.07610091979645586,0.21816227572560143,0.5248322147651007,0.47516778523489933,1491.0,0.3753076254405704,1.9732407850796323,False,0.017274753073012405,C,-0.257555151836029,0.39261414987005916,0.0,0.0,0.0,0.0
DVY,SCHD,thematic_factor,0.9451465150024774,0.03307966246899168,85.04632061730972,-0.17117985695667787,-0.2345147391280988,0.07147356580168081,0.21981375938729286,0.508724832214765,0.4912751677852349,1491.0,1.0311115606195655,1.4626429750773857,False,0.017107786737612957,C,-0.3397364495340929,0.36692033753100833,0.0,0.0,0.25,0.0
SOXX,XSD,thematic_factor,0.96301743404298,0.4124895553550405,173.6691967542364,-0.02602594594726198,-0.04165045555376261,0.13382893899470857,0.33700888604299717,0.5026845637583892,0.49731543624161073,1491.0,1.1350942865116878,-0.9120259999363647,False,-0.0019214425557557424,D,-0.06192144255575574,0.0,0.0,0.0,0.15,0.0
PFF,HYG,fx_macro,0.7353586786157011,0.1744277080478659,55.5247208838418,-0.11973570423313981,-0.13436590516331112,0.1119789468288786,0.202765954071642,0.5060402684563758,0.49395973154362416,1491.0,1.3800944185584278,-2.5341966826379583,False,-0.019946552562396525,D,-0.21784715692889042,0.22557229195213413,0.0,0.0,0.1,0.0
IEMG,EEM,intl_equity,0.9976071454082197,0.5753964054334596,296.07976435503554,0.3641978033021308,0.43885574935579685,0.01531149118902881,0.028504526198894542,0.5288590604026846,0.4704697986577181,1491.0,0.9686944343761765,0.325299162712541,False,-0.022625686143118107,D,0.6708267373272107,0.0,0.0,0.0,0.0,0.6934524234703288
GLD,IAU,commodities,0.9985760447526046,3.380423597443616e-05,9.234432849050073,0.0017338201802289386,0.002278415702565934,0.008869592552558129,0.008058560392455227,0.5060402684563758,0.49328859060402686,1491.0,0.9910220200146757,1.623202560139946,False,-0.02645686887775045,D,0.0031675399641759878,0.3999661957640256,0.0,0.0,0.0,0.30960074587674435
EIDO,EWS,intl_equity,0.6556242272718863,0.04337106336258905,55.23385712596798,-0.1640459917285109,-0.1957598919874761,0.3015406381919295,0.9043522924829621,0.508724832214765,0.4912751677852349,1491.0,-0.2198288936695,3.7154711709773998,False,-0.029524706323215744,D,-0.3191649619694034,0.35662893663741096,0.0,0.0,0.1,0.0
IAU,GLD,commodities,0.9985760447526045,3.3534572704494086e-05,9.234946461177,-0.001016286806613123,-0.0014104610097831964,0.008948379894984983,0.005787948210473459,0.49328859060402686,0.5060402684563758,1491.0,1.0090208539123777,-1.6377047807380851,False,-0.0317435885553064,D,-0.0021193684776708295,0.3999664654272955,0.0,0.0,0.0,0.30960074587674247
IWD,IWF,us_core_style,0.7885543819049549,0.04625506443884063,69.66297264205917,-0.16378492861386648,-0.22665571144811675,0.12772829559350968,0.3028326086322872,0.4959731543624161,0.5040268456375839,1491.0,0.5598148225407469,1.9082506921373419,False,-0.04087912390738235,D,-0.3285005788001939,0.3537449355611594,0.0,0.0,0.1,0.0
UUP,GLD,commodities,-0.41155999641512636,0.38276697951221045,158.69786186083695,-0.019547817897607067,-0.024979884517716537,0.08783709964180271,0.19427800507911508,0.5181208053691275,0.4818791946308725,1491.0,0.08588086628300542,2.851483900385456,False,-0.04091929716159094,D,-0.04091929716159094,0.0,0.0,0.0,0.0,0.0
VWOB,EMB,credit_rates,0.9790916104643351,0.12095120435410195,29.919344269718884,-0.13193702406167648,-0.15765423815019905,0.023906889109966554,0.04853317823214276,0.5093959731543625,0.489261744966443,1491.0,0.9711457572684906,-0.20660198034331856,False,-0.04793149737933003,D,-0.24326565433145866,0.2790487956458981,0.0,0.0,0.0,0.0
VCIT,VCSH,credit_rates,0.8349024779686159,0.09825912432721295,72.93521312594947,-0.16170270529394168,-0.19633286288668864,0.05145568627979162,0.19260121857463197,0.4785234899328859,0.5208053691275167,1491.0,2.2050478129901854,-5.1890516116849685,False,-0.05176912071516543,D,-0.30298773368611637,0.30174087567278707,0.0,0.0,0.1,0.0
EEM,EFA,intl_equity,0.8379817580643354,0.5255625627555873,177.77366230001516,-0.04505758843110983,-0.0643700749875299,0.12975379159273814,0.40146793310962003,0.512751677852349,0.487248322147651,1491.0,0.6839798764132934,0.8429355249345853,False,-0.058145999584573144,D,-0.09814599958457315,0.0,0.0,0.0,0.1,0.0
EWZ,EWW,intl_equity,0.6633382418516814,0.0032919976419699447,38.61594036405413,-0.19892657892157423,-0.232956457227965,0.3624937783169206,0.7910870728526236,0.5174496644295302,0.4825503355704698,1491.0,0.07292592762789012,3.1402912517916755,False,-0.060122238787581134,D,-0.37781784043820216,0.39670800235803005,0.0,0.0,0.1,0.0
UUP,FXY,fx_macro,-0.5788647078835031,0.08592142697134791,72.53643567581972,-0.15645239235827285,-0.18406368105981566,0.0672533552982203,0.14874274244598062,0.5006711409395973,0.4993288590604027,1491.0,-0.35095790679114386,4.804642143086266,False,-0.06841682282900696,D,-0.2882718239490634,0.3140785730286521,0.0,0.0,0.0,0.0
IWB,IWF,us_core_style,0.9598051464873536,0.059718829669345365,73.54110895293903,-0.15313800037476524,-0.21793954981076413,0.06010018284309298,0.13689180368851606,0.48322147651006714,0.5167785234899329,1491.0,0.8006408096831585,0.9947750812245193,False,-0.07023670208461222,D,-0.30843352131607044,0.34028117033065464,0.0,0.0,0.0,0.0
FXA,EFA,fx_macro,0.6270135631108104,0.2670005940200857,123.12967291324617,-0.10302808337302748,-0.1499459442819951,0.10723452072649073,0.2945682561313516,0.5033557046979866,0.4966442953020134,1491.0,0.013577748183461323,4.158114566888912,False,-0.07388160949305106,D,-0.21388160949305104,0.2,0.0,0.0,0.0,0.0
USO,XES,commodities,0.5939699710889851,0.018046409081495098,64.26270279468194,-0.17452920910051178,-0.21269328303764848,0.4003346131662721,1.324714266396315,0.5208053691275167,0.4791946308724832,1491.0,0.8883334291122481,0.3973766630886373,False,-0.0825412789118386,D,-0.349908792554792,0.3819535909185049,0.0,0.0,0.0,0.0
HYG,HYS,credit_rates,0.9489093032604298,0.5698776889408135,154.97257175291338,-0.05804709154439623,-0.09132234385226061,0.040057239700684526,0.1378763810084953,0.46442953020134226,0.5355704697986577,1491.0,1.438049316295529,-2.1482491288075876,False,-0.08473025986114856,D,-0.12473025986114857,0.0,0.0,0.0,0.1,0.0
EEM,VWO,intl_equity,0.9870843110956187,0.23230302740265385,110.25436225736676,-0.05641784700007052,-0.08305224687940285,0.036072899503866857,0.1122746341159262,0.48322147651006714,0.5161073825503356,1491.0,1.071845319690058,-0.2876287724222415,False,-0.09487176409161588,D,-0.11679991249797103,0.2,0.0,0.0,0.0,0.11807185159364483
IBIT,BLOK,crypto,0.7338285670065714,0.5854041095586348,53.13154407328598,-0.18154382006520772,-0.29454999125373826,0.3456565098689026,0.5411811474587807,0.46331236897274636,0.5366876310272537,478.0,0.971417594733132,0.1707980804816791,False,-0.0985524368920001,D,-0.3985524368920001,0.2,0.0,0.0,0.4,0.0
EFA,VEA,intl_equity,0.9873985347067772,0.07992070033623283,72.58354224694581,-0.11390508361234788,-0.12283934834875337,0.03134642710403757,0.07212168305532751,0.4825503355704698,0.5154362416107383,1491.0,0.9966943563503423,0.45928671804992405,False,-0.10058846313256486,D,-0.2013350611175818,0.3200792996637672,0.0,0.0,0.0,0.12330891177962008
XLF,XLK,us_sectors_rotation,0.6660513863794729,0.022317575317593225,63.98360067889769,-0.23018990505266146,-0.3361089826992013,0.192421435815181,0.42092902360658924,0.49395973154362416,0.5060402684563758,1491.0,0.7065733658694701,0.4930080140008446,False,-0.10950707613654939,D,-0.47388477341423413,0.37768242468240676,0.0,0.0,0.25,0.0
SPY,QQQ,us_core_style,0.9352704229217069,0.027866172653358424,69.54796896061444,-0.205540687430618,-0.2907366213003203,0.07430662838444987,0.18895164729442726,0.489261744966443,0.5107382550335571,1491.0,0.7880518198152049,1.4523393587169702,False,-0.11234167614408166,D,-0.41283535528673077,0.3721338273466416,0.0,0.0,0.1,0.0
FXA,VEA,fx_macro,0.644465530137961,0.3115457810468383,134.66970215998984,-0.12908054024902776,-0.1880312056002607,0.10262121807695186,0.29096008530988904,0.5,0.5,1491.0,0.05157911695885068,4.017763675365856,False,-0.126521585875408,D,-0.266521585875408,0.2,0.0,0.0,0.0,0.0
VTI,ITOT,us_core_style,0.9978335381287777,2.9880034490965052e-21,2.5959707232887728,0.014666385082183047,0.017917067351872703,0.014076791448312463,0.01063579553048477,0.48590604026845635,0.5140939597315436,1491.0,0.9988899239735138,0.8182403289897646,False,-0.13023001916174493,D,0.026995616317884247,0.2,0.0,0.0,0.0,0.29722563547962916
EWG,EWQ,intl_equity,0.939705526554791,0.837992250691437,755.3130915219169,0.1097660915603186,0.17179109799712172,0.08304474362760622,0.3646854645014481,0.48590604026845635,0.512751677852349,1491.0,0.8976633632619295,0.20655589751935244,False,-0.1372738491317252,D,0.22272615086827482,0.0,0.0,0.0,0.1,0.4
FXA,FXE,fx_macro,0.6305391141580345,0.2944245031722348,120.40314293402125,-0.14255839914958268,-0.1979499087105868,0.0853751328039013,0.24111752826875676,0.5120805369127517,0.4879194630872483,1491.0,0.7384969658708087,0.7930556198436731,False,-0.14594568581236853,D,-0.2859456858123685,0.2,0.0,0.0,0.0,0.0
EWA,EWC,intl_equity,0.8686514148347086,0.16795875816472633,41.900489449166436,-0.1844363020575719,-0.22651893077075014,0.1694271272921122,0.29205799192736714,0.49328859060402686,0.5067114093959731,1491.0,0.5766963479723946,1.09394377946581,False,-0.14641184415095274,D,-0.3488407134356443,0.2320412418352737,0.0,0.0,0.1,0.0
XLE,XLB,us_sectors_rotation,0.6805627206959246,0.3706260897852184,182.15531426758446,-0.11082152085496111,-0.16752672817505343,0.29589372731998975,0.9630690661151182,0.4825503355704698,0.5167785234899329,1491.0,1.6333934094884406,-2.483581564274517,False,-0.14735161189980087,D,-0.24735161189980087,0.0,0.0,0.0,0.25,0.0
EWM,EWS,intl_equity,0.6631596614870549,0.2241416149911568,95.15184960465882,-0.16686974706264857,-0.22438524195938914,0.13877675658005506,0.32926222018321294,0.49328859060402686,0.5046979865771812,1491.0,0.42710905924874865,1.882971344312174,False,-0.15052466083788524,D,-0.33052466083788523,0.2,0.0,0.0,0.1,0.0
BIZD,XLF,fx_macro,0.6759259715344159,0.032403145304364694,66.90236737103818,-0.2607610964443664,-0.2724797797602481,0.2175004117387531,0.6281381353309494,0.5295302013422819,0.4697986577181208,1491.0,0.3985225964154688,1.2991632870426215,False,-0.1667419066962144,D,-0.46405970498315907,0.3675968546956353,0.0,0.0,0.1,0.0
FXI,MCHI,intl_equity,0.9809997779510831,0.10096418891630099,103.54230629739689,-0.16857864710686088,-0.2765427097394541,0.0667599078568781,0.195970434624118,0.4818791946308725,0.5181208053691275,1491.0,0.9262426378886942,-0.20070498267261128,False,-0.1734158507097565,D,-0.36607795261696113,0.29903581108369903,0.0,0.0,0.0,0.01666296585138468
EWG,EWI,intl_equity,0.9151068204777194,0.47941486405437017,199.18278447599158,-0.10318526436836635,-0.15244336316889823,0.10717937192081255,0.32776524010820696,0.48523489932885905,0.5147651006711409,1491.0,0.6847643416911218,1.039143004228976,False,-0.17645092338875926,D,-0.21645092338875926,0.0,0.0,0.0,0.1,0.0
KWEB,FXI,intl_equity,0.9101353307705807,0.6833530117100739,202.01550221489,-0.10496026561501266,-0.14498272482623614,0.21099742261288082,0.5479238840912575,0.5040268456375839,0.4959731543624161,1491.0,1.5963962559912772,-1.9802825315080161,False,-0.17740665067520311,D,-0.21740665067520312,0.0,0.0,0.0,0.1,0.0
SRLN,HYG,fx_macro,0.7413392716275887,0.20816725396717245,63.19511349074616,-0.20099981516704118,-0.2213718162958002,0.05359389488248633,0.10201337445367731,0.4993288590604027,0.5006711409395973,1491.0,0.6487615596078451,0.9162919409327808,False,-0.17800035406317483,D,-0.3580003540631748,0.2,0.0,0.0,0.1,0.0
DBC,DBB,commodities,0.5443161991140587,0.4245718219078487,158.4492395222439,-0.09167580236037177,-0.1404107401586692,0.21943169834397752,0.380527970156602,0.4986577181208054,0.5006711409395973,1491.0,1.2584421952804907,-0.6751936150818088,False,-0.19757387987457226,D,-0.19757387987457226,0.0,0.0,0.0,0.0,0.0
PFF,BIZD,fx_macro,0.7180920174927726,0.403855728178774,131.31374770472698,-0.22174050096202103,-0.22202325666593076,0.14687577729740334,0.35696961816063544,0.5174496644295302,0.4812080536912752,1491.0,0.08695345134351143,3.2768145980743473,False,-0.20429617299138525,D,-0.38429617299138524,0.2,0.0,0.0,0.1,0.0
XLV,IYH,us_sectors_rotation,0.992566594748256,0.14469669784532574,85.41441831397083,-0.1173850522694278,-0.1683423480969806,0.02476759557259454,0.07217398718644663,0.49395973154362416,0.5060402684563758,1491.0,1.0436411830525747,0.6847647438346041,False,-0.20739910997703875,D,-0.23666817568104315,0.2553033021546743,0.0,0.0,0.15,0.2094432458042676
FDN,SOXX,thematic_factor,0.7858224928560245,0.6325560410131665,306.9815774638724,0.05111509518447985,0.07409632814515504,0.1887243788225901,0.6364301810841049,0.512751677852349,0.487248322147651,1491.0,0.46682176690532146,2.8918307469128797,False,-0.20974607873559376,D,0.09025392126440628,0.0,0.0,0.0,0.25,0.4
EEM,VEU,intl_equity,0.9156623354849779,0.5155027792098351,200.03446613406268,-0.145260554562432,-0.2102015094273687,0.09438068293876191,0.30636213420800473,0.5026845637583892,0.49731543624161073,1491.0,0.8658862279105247,0.2879176950851452,False,-0.2585288538457502,D,-0.2985288538457502,0.0,0.0,0.0,0.1,0.0
LQD,VCIT,credit_rates,0.955402686021322,0.4757810898110452,97.00047705161741,-0.20672349258369552,-0.29714168254867707,0.031898314476347674,0.07824923726964972,0.4825503355704698,0.5174496644295302,1491.0,1.2436476619356347,-0.7665339797998163,False,-0.27628765511316244,D,-0.41628765511316246,0.2,0.0,0.0,0.0,0.0
USO,XOP,commodities,0.6094354177246014,0.0007784350483049958,51.80752171507614,-0.30588394724232953,-0.33481722934911406,0.3585374745436377,1.463982890330147,0.5114093959731544,0.4885906040268456,1491.0,0.8006230842455564,0.3507756124343562,False,-0.29008057012712574,D,-0.5695356655933123,0.39922156495169503,0.0,0.0,0.0,0.0
XLF,IYF,us_sectors_rotation,0.9845219566938558,0.4316813805575025,111.15240112799263,-0.21379872404311992,-0.31918131864298493,0.045030605007888205,0.09155115483028275,0.4825503355704698,0.5174496644295302,1491.0,0.9959508879850857,-0.7981629075874399,False,-0.31442261508741165,D,-0.439056670189815,0.2,0.0,0.0,0.15,0.07536594489759667
SPY,SPYG,us_core_style,0.964415675158632,0.24094395594522794,124.70415096507101,-0.22425242740716872,-0.344264240287431,0.056424106477884865,0.11816214598099695,0.48322147651006714,0.5167785234899329,1491.0,0.8827620498139723,2.4270176129746193,False,-0.3276006385279904,D,-0.46760063852799033,0.2,0.0,0.0,0.0,0.0
FXA,VEU,fx_macro,0.6440773664347945,0.3724107126564463,150.29877236491282,-0.1619164749149768,-0.2353865726271884,0.09693267123219237,0.2812840381442232,0.5006711409395973,0.4993288590604027,1491.0,0.10568181003544928,3.7898355032781317,False,-0.3323127565168931,D,-0.3323127565168931,0.0,0.0,0.0,0.0,0.0
VNQ,XLRE,thematic_factor,0.9828466950852607,0.02280777705860389,72.19085128794947,-0.33349665390721106,-0.4150053495588323,0.04555948722643884,0.11648491131445127,0.4697986577181208,0.5302013422818792,1491.0,0.9974421682629979,0.813419154565699,False,-0.34974045885338373,D,-0.6263300968246827,0.3771922229413961,0.0,0.0,0.15,0.0474449180876783
USO,XLE,commodities,0.6072466435584598,0.00030963999727106657,48.79982951130125,-0.35509732091902535,-0.39228576895864714,0.3464562227838839,1.3720937795168688,0.5161073825503356,0.48389261744966444,1491.0,0.8971775959417685,0.9267569049685855,False,-0.37735598277850546,D,-0.6571392347804157,0.39969036000272895,0.0,0.0,0.0,0.0
FDN,QQQ,thematic_factor,0.9189178206623106,0.6605398531077238,345.11265939243464,-0.03812462112312921,-0.05305024375453365,0.15446578022883317,0.5812246893612825,0.5234899328859061,0.47651006711409394,1491.0,0.6518847966364861,1.4064593442287996,False,-0.38688428553852844,D,-0.08688428553852841,0.0,0.0,0.0,0.25,0.4
TIP,VTIP,credit_rates,0.6846317151336002,0.6041952078771435,148.3586873627619,-0.2667203643872377,-0.4275719131584099,0.058407413753060675,0.16697676143056928,0.4483221476510067,0.5516778523489932,1491.0,1.9716149278937187,-2.950545542578496,False,-0.389360238826736,D,-0.569360238826736,0.2,0.0,0.0,0.1,0.0
TLT,IEF,credit_rates,0.9070121383497994,0.42648275757637927,128.30939148066605,-0.29089448768146225,-0.4081964689703232,0.07455831838769413,0.20228262840693123,0.5,0.5,1491.0,2.2671023693752717,-5.7803688721510005,False,-0.400677668528827,D,-0.5806776685288271,0.2,0.0,0.0,0.1,0.0
XBI,IBB,thematic_factor,0.9077720760198128,0.22659474017274472,119.87472227826262,-0.3178087424321762,-0.46691679480468307,0.16847908039280407,0.4118749522714893,0.4885906040268456,0.5114093959731544,1491.0,1.6335960020463631,-3.4550872823736887,False,-0.41288799784088415,D,-0.6528879978408841,0.2,0.0,0.0,0.25,0.0
IWM,IWO,us_core_style,0.9740626578879575,0.5672030080596591,252.42952235351646,-0.008762040852344518,-0.013514269568174114,0.0611742826172062,0.14264450695703434,0.4691275167785235,0.5308724832214765,1491.0,0.961073715442957,-0.05523117543515621,False,-0.42107491968920713,D,-0.021074919689207085,0.0,0.0,0.0,0.0,0.4
REM,VNQ,fx_macro,0.7088265240031812,0.029408069608476355,85.53999082403438,-0.4094660792105974,-0.466159199881633,0.2624236104794984,0.7619098593990752,0.4966442953020134,0.5033557046979866,1491.0,1.3299352081198168,-2.7048520412329227,False,-0.4516013650416554,D,-0.751015716315722,0.37059193039152366,0.0,0.0,0.1,0.0
QUAL,SPYG,thematic_factor,0.9508057900196436,0.3187957952595363,139.85990493847135,-0.3178257191058814,-0.4794512078568219,0.0657116283470196,0.16508389819853253,0.49463087248322146,0.5053691275167785,1491.0,0.855898820722769,1.3522296147973654,False,-0.45674324256962734,D,-0.6567432425696274,0.2,0.0,0.0,0.15,0.0
LQD,IGSB,credit_rates,0.8105350010073936,0.5498171487044813,165.06065560163557,-0.2602381032813483,-0.3525321878267587,0.06932281817513856,0.25855912279659155,0.4771812080536913,0.5228187919463088,1491.0,2.6215557633322017,-5.614207104922539,False,-0.47218181721601116,D,-0.5121818172160112,0.0,0.0,0.0,0.1,0.0
JNK,HYG,credit_rates,0.9926048667561609,0.6900200676238348,148.66107570331147,-0.22543220941027897,-0.2795384445926798,0.01705258138893397,0.04205813974723327,0.48590604026845635,0.512751677852349,1491.0,1.1159543862176544,-0.3010186261862362,False,-0.4920313960227813,D,-0.4219502834200995,0.2,0.0,0.0,0.0,0.21008111260268175
DBC,DBA,commodities,0.48074790680222323,0.580696112459279,249.82664378141337,-0.056505082089596696,-0.08310814791969877,0.17704634468137698,0.5699338393739626,0.5073825503355704,0.4912751677852349,1491.0,0.9233783307899246,0.22655338037668216,False,-0.5260794624208651,D,-0.12607946242086507,0.0,0.0,0.0,0.0,0.4
XLK,VGT,us_sectors_rotation,0.9951505338833553,0.5573116680164019,250.20060573071865,0.024788209866557862,0.0384322878233577,0.02828663408491068,0.08636139107625418,0.5040268456375839,0.4959731543624161,1491.0,1.013326736959412,-1.734777585515685,False,-0.5425453145345386,D,0.049963583521383165,0.0,0.0,0.0,0.15,0.6525088980559217
REM,XLRE,fx_macro,0.6604836006987266,0.03597083445639117,101.10949616812076,-0.46299050794553337,-0.512009707243044,0.26744377888531706,0.8758871834891515,0.49261744966442955,0.5060402684563758,1491.0,1.0023253725412617,-0.427415297470517,False,-0.5440946308049208,D,-0.838915046685447,0.36402916554360887,0.0,0.0,0.1,0.0
XLE,XLF,us_sectors_rotation,0.7136880050056366,0.642124665342661,309.50693525847083,-0.12658024725315645,-0.1909381664440507,0.2488231369550556,0.6077019942273441,0.4785234899328859,0.521476510067114,1491.0,1.1021709832864568,-0.4397341976972782,False,-0.5723910036485389,D,-0.27239100364853885,0.0,0.0,0.0,0.25,0.4
EWZ,ILF,intl_equity,0.9596428395301396,0.3095612083501072,113.62597481310266,-0.39893246490656536,-0.5378538996636371,0.11455881990766728,0.30263146061025736,0.49530201342281877,0.5046979865771812,1491.0,0.9984773014545326,0.184904340102384,False,-0.6414828238833165,D,-0.7814828238833165,0.2,0.0,0.0,0.0,0.0
BKCH,WGMI,crypto,0.9609113014394659,0.38345719835607434,65.27267477545972,-0.480478343292841,-0.6656950054771479,0.21247400281325468,0.4474043464746922,0.49270833333333336,0.5072916666666667,961.0,0.8687980646464352,1.2616599218109306,False,-0.6954129340563383,D,-0.9554129340563383,0.2,0.0,0.0,0.3,0.0
IEUS,IEUR,intl_equity,0.9403694317572875,0.7306515409405825,337.77365900439145,-0.21886428064260255,-0.31714862653520814,0.08523627357825425,0.3031743853279094,0.4966442953020134,0.5033557046979866,1491.0,0.8864513872923029,0.5160444280577741,False,-0.8069318069238064,D,-0.4469318069238064,0.0,0.0,0.0,0.1,0.4
FXE,FXF,fx_macro,0.7786146750877627,0.5678169595598735,293.80648334246706,-0.22284338875769552,-0.32907851582818903,0.05039350075696945,0.19344519292226803,0.49798657718120803,0.5020134228187919,1491.0,0.552046059074913,2.0967125908059274,False,-0.8170672536958732,D,-0.45706725369587314,0.0,0.0,0.0,0.1,0.4
BITO,BKCH,crypto,0.7041861889344313,0.7161416326631094,147.5512149666261,-0.5765229287099012,-0.7784078291638964,0.4120287185363122,1.2293416633757128,0.4942084942084942,0.5057915057915058,1037.0,0.46295518258947815,1.2338796743318583,False,-0.845995242392143,D,-1.145995242392143,0.2,0.0,0.0,0.4,0.0
SCZ,VEA,intl_equity,0.9647331276438031,0.6461341877772436,331.96796747524365,-0.29901612707554287,-0.3890910701333325,0.05424929537481575,0.19439600185985828,0.4993288590604027,0.5006711409395973,1491.0,0.9124019745899699,0.6290019049523083,False,-0.9752677962060727,D,-0.5752677962060727,0.0,0.0,0.0,0.0,0.4
FXY,FXF,fx_macro,0.593591768383456,0.5822229387276981,289.47773956009587,-0.27721103133753855,-0.45743982045143494,0.15563762838307918,0.5321181817817129,0.4570469798657718,0.5429530201342282,1491.0,-0.9179229994461173,8.496093716046149,False,-1.0080612692891773,D,-0.6080612692891774,0.0,0.0,0.0,0.0,0.4
UNG,XOP,commodities,0.2050157244722123,0.5946943692789398,272.57891064359325,-0.28585383054901164,-0.4352878398420699,0.7049201631899744,2.566824158283447,0.4959731543624161,0.5040268456375839,1491.0,-0.5466048207726683,6.083483784943651,False,-1.03836720078818,D,-0.6383672007881798,0.0,0.0,0.0,0.0,0.4
BITO,BLOK,crypto,0.7241936305682889,0.4864382544997314,113.9336245513308,-0.6816742835344974,-0.9434974105981069,0.448673412113609,1.2450494733973598,0.47297297297297297,0.527027027027027,1037.0,0.4747164818424911,1.3154897523198759,False,-1.0670234604211197,D,-1.3670234604211196,0.2,0.0,0.0,0.4,0.0
VNQ,IYR,thematic_factor,0.9929236641220602,0.7104548791518148,227.24221762540552,-0.32553749452549857,-0.3577250631532769,0.029374139545308625,0.07650021916507299,0.4906040268456376,0.5093959731543625,1491.0,1.0003406861804391,-0.023473933684473813,False,-1.1328694451504315,D,-0.5774750431160939,0.0,0.0,0.0,0.15,0.6153944020343376
IEF,IEI,credit_rates,0.9606513166894259,0.8415050197419713,505.3211700723333,-0.36454370477984116,-0.527932926431402,0.021734775370217833,0.08044652113043416,0.4771812080536913,0.5221476510067115,1491.0,1.7044891215208078,-3.5471514763935774,False,-1.1357056837044313,D,-0.7357056837044312,0.0,0.0,0.0,0.0,0.4
UNG,USO,commodities,0.11245333401075447,0.5375506334622403,270.6532428073048,-0.3981303487147387,-0.5977311085623077,0.6654368491685606,2.5333432699028773,0.5006711409395973,0.4993288590604027,1491.0,-0.49156677522278663,5.541624889682808,False,-1.263881805860569,D,-0.8638818058605688,0.0,0.0,0.0,0.0,0.4
