sym_x,sym_y,seed_category,corr,p_value,half_life,spread_sharpe,spread_sortino,spread_vol,spread_max_dd,spread_pos_ratio,spread_neg_ratio,n_obs,beta,intercept,is_viable,pair_score,pair_label,risk_return_score,stats_quality_score,macro_score,fundamental_score,structure_score,penalty_total,label_rank,is_clone_like
IBIT,ETHA,crypto,0.792280840873522,0.2604165617564697,62.183817360155935,0.8847460912220917,1.5240756688667636,0.3012134437344411,0.3111742863793294,0.4956521739130435,0.5043478260869565,346.0,0.4278358714118208,2.6230170287670025,False,2.2396612879869537,A+,1.9453755737012397,0.2,0.0,0.0,0.4,0.0057142857142857,7,False
DBC,USO,commodities,0.8256523548175939,6.382229984948179e-05,78.33351762891442,0.7059515801091197,0.9935323811724196,0.1394350125314553,0.2632957875822397,0.5268456375838926,0.4731543624161073,1491.0,0.5732193890489605,0.6733119892811676,False,1.716113655568274,A,1.396158331178169,0.3999361777001505,0.0,0.0,0.1,0.0,6,False
DBA,COW,commodities,0.4442396693184802,0.0041967376765143,38.434083591456194,0.557759084474102,0.7924804433891296,0.2413344348186503,0.2807707888717718,0.5207166853303471,0.4792833146696528,894.0,1.3522548383969848,-1.985677173556052,False,1.3839422626954974,A-,1.106879979069057,0.3958032623234856,0.0,0.0,0.0,0.0,5,False
IBIT,BITO,crypto,0.9520105635798506,0.1862426779076091,52.00608075700478,0.4725199435232508,0.7738917585984941,0.6066879921841486,0.482676825291171,0.4947589098532495,0.5052410901467506,478.0,-0.1925125159002125,4.421718826337704,True,1.2772542034619674,A-,1.0076240779972938,0.2137573220923908,0.0,0.0,0.3,0.0,5,False
IBIT,BKCH,crypto,0.6758288707582921,0.3986379336525369,81.35261669259896,0.3721567305146178,0.5651133478022305,0.3838316528347311,0.5687838516189996,0.5010482180293501,0.4989517819706499,478.0,0.5764126991896861,1.5519120466283094,False,1.0563603969437994,B+,0.7563603969437992,0.2,0.0,0.0,0.4,0.0,4,False
GLD,TIP,fx_macro,0.3402830567866231,0.9681782459752154,,0.7307958651809295,1.0458635359078992,0.2110769730957357,0.4996604651361176,0.538255033557047,0.461744966442953,1491.0,-1.2830500411375467,11.362100880816332,False,1.0529071310137366,B+,1.4529071310137365,0.0,0.0,0.0,0.0,0.4,4,False
SLV,SILJ,commodities,0.7569552578245868,0.2962926663773786,147.92695556390848,0.4491136265288268,0.5822436893584114,0.2340119846479669,0.3821615700387282,0.5040268456375839,0.4959731543624161,1491.0,0.7192368658680426,1.3558210293666213,False,1.0290409776789402,B+,0.8490409776789403,0.2,0.0,0.0,0.1,0.0,4,False
VIG,DVY,thematic_factor,0.8811868172866173,0.3290941379851017,169.4990457184416,0.4647544894538283,0.6661364246362977,0.1012619818775985,0.2975549055122553,0.5201342281879194,0.4798657718120805,1491.0,0.9796979963123498,0.4283550924692383,False,1.0250988885889916,B+,0.9250988885889916,0.0,0.0,0.0,0.25,0.0,4,False
IBB,XBI,us_sectors_rotation,0.9077720760198128,0.0993889114295719,69.3054196018134,0.3269604056277023,0.4793821951168409,0.1226221330254996,0.2030892337318013,0.5073825503355704,0.4926174496644295,1491.0,0.4489230193009712,2.8603839133042444,False,0.9688939195341546,B+,0.6584661575348549,0.3006110885704281,0.0,0.0,0.25,0.0,4,False
SPYG,SPYV,us_core_style,0.800228743880403,0.1594778301017991,107.8190418950224,0.3723973846927304,0.5293726834294841,0.153163679096362,0.3657434352943589,0.5208053691275167,0.4785234899328859,1491.0,1.227927070427061,-0.4198137237323127,False,0.9440089133162228,B+,0.7356433943874822,0.2405221698982009,0.0,0.0,0.1,0.0,4,False
IWF,IWD,thematic_factor,0.7885543819049549,0.055418104406828,78.36428000127188,0.2878106124175737,0.4208469432063469,0.1928241416820817,0.4507725774078057,0.5174496644295302,0.4825503355704698,1491.0,1.53654739491961,-2.14461552046716,False,0.9145953480290808,B+,0.5733880211138604,0.344581895593172,0.0,0.0,0.25,0.0,4,False
IWB,IWD,us_core_style,0.92780063558373,0.0462764795898775,75.44343734234187,0.2915764804430628,0.4248071560493064,0.1041813752387489,0.2362642728777828,0.5181208053691275,0.4818791946308725,1491.0,1.2970808340912885,-1.060682570180406,False,0.8718226685071073,B,0.5842162042200216,0.3537235204101224,0.0,0.0,0.1,0.0,3,False
XLE,XES,commodities,0.8938322294300064,0.0258640387663472,83.31710928980615,0.2569626421322906,0.3915504292728505,0.2325321777392744,0.5203413354006274,0.5040268456375839,0.4959731543624161,1491.0,0.9452339242052352,-0.4035060504656038,False,0.8225362887788306,B,0.5206411159152735,0.3741359612336528,0.0,0.0,0.1,0.0,3,False
GDX,GDXJ,commodities,0.9645745566262086,0.1089239240241882,77.15693463727713,0.2821525018366601,0.4238019581427639,0.1119139631298195,0.2284663501950854,0.5080536912751678,0.4919463087248322,1491.0,0.8980427919045215,0.1400687804021956,False,0.7779977987157615,B,0.5742445455326932,0.2910760759758117,0.0,0.0,0.0,0.0,3,False
IBIT,WGMI,crypto,0.61843503078013,0.4313205773851808,80.75457136228492,0.2579400716232022,0.3894690098062603,0.3991310576966784,0.6706450631964831,0.4968553459119497,0.5031446540880503,478.0,0.4226751726684009,2.5290399340245595,False,0.7771554772236547,B,0.5171554772236547,0.2,0.0,0.0,0.3,0.0,3,False
XLK,XLC,us_sectors_rotation,0.8331417608691915,0.365983281570134,202.3096495780921,0.3272221830582867,0.501444235856605,0.1567793892147919,0.3072494770068328,0.4966442953020134,0.5033557046979866,1491.0,1.0925827639132215,-0.2799693012460116,False,0.7720881586177736,B,0.6720881586177736,0.0,0.0,0.0,0.25,0.0,3,False
XLV,XLF,us_sectors_rotation,0.6975389313270636,0.0299365536981424,69.09341086254564,0.2037881307607024,0.3060739470215633,0.1315259295322689,0.2608646593521726,0.5100671140939598,0.4899328859060403,1491.0,0.4527349007637011,3.22824529717216,False,0.7718670129000536,B,0.4128226004887533,0.3700634463018575,0.0,0.0,0.25,0.0,3,False
SOYB,CORN,commodities,0.6738208788216322,0.1305951913294528,89.32977989790271,0.2585906916556655,0.40242184726828,0.1443585155157691,0.2218512338162623,0.5033557046979866,0.4953020134228187,1491.0,0.8394906322916912,0.6147449543594816,False,0.7644323261365193,B,0.5358489600671363,0.2694048086705471,0.0,0.0,0.1,0.0,3,False
XLB,XLE,us_sectors_rotation,0.6805627206959246,0.0882454620891572,96.02675760070623,0.2224502991953422,0.3312072217642411,0.1771361598932175,0.4090189747680122,0.5154362416107383,0.4838926174496644,1491.0,0.3375589341223136,2.488116335806132,False,0.7643431514725406,B,0.4461149749349507,0.3117545379108428,0.0,0.0,0.25,0.0,3,False
RIOT,MARA,crypto,0.8324609235847997,0.1524319545986618,104.48793825388628,0.1955382044540335,0.3119096537165461,0.6083642759778352,1.5965246479413155,0.4677852348993289,0.5322147651006711,1491.0,0.7463412592911867,0.4757306490189554,True,0.7182839222576155,B,0.3849862904766787,0.2475680454013381,0.0,0.0,0.4,0.0,3,False
MTUM,VLUE,thematic_factor,0.7627075913444835,0.136964327218048,108.52010019521536,0.2176563804246762,0.296726147944285,0.1756633713149499,0.4193693446010851,0.5335570469798657,0.4664429530201342,1491.0,1.163355708482931,-0.2079557429095633,False,0.7011022680410204,B,0.416977297093654,0.2630356727819519,0.0,0.0,0.25,0.0,3,False
SPY,MDY,us_core_style,0.9059093139423716,0.3671567082586361,129.27853429674516,0.2573245538884977,0.3761991801587664,0.131100885449503,0.3546181743693131,0.5275167785234899,0.47248322147651,1491.0,1.1412838147487696,-0.9259818691555656,False,0.693571616512248,B,0.5135716165122479,0.2,0.0,0.0,0.1,0.0,3,False
XOP,OIH,us_sectors_rotation,0.900083866602199,0.0200344554358881,61.94364064872845,0.1586082179166136,0.2330706528655564,0.2323739594762837,0.4395336961321154,0.5080536912751678,0.4919463087248322,1491.0,1.075481756719499,-1.185905864126238,False,0.6789428821947391,B,0.3129670009998607,0.3799655445641119,0.0,0.0,0.25,0.0,3,False
XLI,XLF,us_sectors_rotation,0.8979904889337484,0.1215796161608593,80.26066737340021,0.185679975503072,0.2720509787989619,0.105111262020732,0.2432326823720965,0.5161073825503356,0.4838926174496644,1491.0,0.926577230984847,1.316809601870769,False,0.6661452757023019,B,0.3712510070149034,0.2784203838391406,0.0,0.0,0.25,0.0,3,False
NIB,JO,commodities,0.1923057580900643,0.169189465531224,47.47465183159784,0.2336493454932293,0.3861121253685683,0.2769020826484727,0.3756458914931522,0.496080627099664,0.4714445688689809,894.0,-0.0482757697038225,3.5598373514552044,False,0.6579822895495073,B,0.4964149154213641,0.230810534468776,0.0,0.0,0.0,0.0,3,False
BLOK,WGMI,crypto,0.8965182684434095,0.22565909631804,98.56983295187634,0.1819368621150179,0.2571281256579784,0.2854155600585178,0.6617444422632222,0.5427083333333333,0.4572916666666666,961.0,0.7313857427996548,1.4150609977365791,False,0.6486916612303384,B,0.3486916612303383,0.2,0.0,0.0,0.4,0.0,3,False
VNQ,REM,fx_macro,0.7088265240031812,0.0820215140389787,61.676228605332746,0.184353258413726,0.243982123503563,0.1832695253968173,0.3034521229085003,0.5080536912751678,0.4919463087248322,1491.0,0.3320465035718457,3.4063957335346897,False,0.611656642580765,B,0.3490717024080501,0.3179784859610212,0.0,0.0,0.1,0.0,3,False
QUAL,VLUE,thematic_factor,0.8943706637031005,0.2223387063108396,142.80207609198197,0.1730925346953044,0.2687509995746107,0.1434521216406998,0.3062924718938316,0.5140939597315436,0.4859060402684563,1491.0,1.302199882542129,-1.0494116266611622,False,0.5950923849596552,B-,0.3550923849596553,0.2,0.0,0.0,0.25,0.0,2,False
COIN,BKCH,crypto,0.8155374819188881,0.2904819412162482,116.03931020372708,0.1507930802998118,0.2225342980761789,0.5123635920198698,1.0226493812078656,0.4932126696832579,0.5067873303167421,1106.0,1.062249548750508,0.989733061439722,True,0.5886759192890791,B-,0.2886759192890791,0.2,0.0,0.0,0.4,0.0,2,False
RINF,VTIP,fx_macro,0.235451877856408,0.1142006922737487,105.95846444886293,0.2107765227147791,0.2594739245827197,0.1626626014187819,0.3097726967960987,0.5221476510067115,0.4751677852348993,1491.0,-1.2185105989006944,8.181935539075411,False,0.5862723313951368,B-,0.3862128159867609,0.2857993077262513,0.0,0.0,0.0,0.0,2,False
EWJ,EWH,intl_equity,0.5298530803898095,0.7011000376499998,207.5597587940489,0.2946862949677748,0.3981688553637305,0.1927821912796245,0.4234974235164546,0.5174496644295302,0.4825503355704698,1491.0,0.0054885030781825,4.137015166480123,False,0.564934545252057,B-,0.564934545252057,0.0,0.0,0.0,0.0,0.0,2,False
XBI,ARKG,thematic_factor,0.8567791233927371,0.6832585967453475,150.9414870728314,0.2271060973829848,0.3432433599682981,0.217608695845038,0.5186622012080733,0.5120805369127517,0.4879194630872483,1491.0,0.3610421806321325,3.2487535937452305,False,0.5570032053366321,B-,0.4570032053366321,0.0,0.0,0.0,0.25,0.0,2,False
XLY,XRT,us_sectors_rotation,0.7620930046018307,0.6382535485689926,186.3859003369815,0.2344250257587344,0.3208125141944827,0.168024070974068,0.2883833518975844,0.5154362416107383,0.4845637583892617,1491.0,0.6322986366218114,1.768855734474278,False,0.5532261186569207,B-,0.4532261186569207,0.0,0.0,0.0,0.25,0.0,2,False
XME,XLB,us_sectors_rotation,0.794609990843042,0.7322520109179353,177.114554612124,0.227405409100357,0.3365724689830852,0.3124616789830137,0.7318157251294255,0.5046979865771812,0.4953020134228187,1491.0,2.1680776680131504,-4.12690660833199,False,0.5483698228859282,B-,0.4483698228859282,0.0,0.0,0.0,0.25,0.0,2,False
SLV,SIL,commodities,0.764091460978385,0.5512362552224462,228.08153205650527,0.4876530123419709,0.5917114419362755,0.2062028574074976,0.3585589825200226,0.5060402684563758,0.4939597315436241,1491.0,0.6605046884782902,0.7997117907309113,False,0.5346798420469632,B-,0.8946798420469632,0.0,0.0,0.0,0.1,0.4,2,False
XLY,XLC,us_sectors_rotation,0.8166454289716217,0.0400004705733584,63.036749682562174,0.0908342837673049,0.1376149695058124,0.1557242425645962,0.2671555943057155,0.5033557046979866,0.4966442953020134,1491.0,0.7164061853987641,1.3792871210299738,False,0.5338213211339083,B-,0.1818216505352592,0.3599995294266416,0.0,0.0,0.25,0.0,2,False
IWO,IWN,thematic_factor,0.8960286534562696,0.4183224651160259,171.86684874555505,0.2168989275835522,0.3083643645905202,0.1310862028908082,0.4588226812566747,0.5348993288590604,0.4651006711409396,1491.0,0.7420593942497047,1.8465146694846373,False,0.5235775291717829,B-,0.4235775291717829,0.0,0.0,0.0,0.25,0.0,2,False
XLU,TLT,thematic_factor,-0.024499767007739,0.099666979741241,62.80452064798765,0.132927438312824,0.1762244644262696,0.2283399865189807,0.4229439462291164,0.5302013422818792,0.4697986577181208,1491.0,-0.2856793866046381,4.891489150640799,False,0.5180587986677617,B-,0.2478256844866304,0.300333020258759,0.0,0.0,0.15,0.0,2,False
RINF,TIP,fx_macro,0.2277835747413869,0.0180423337421304,65.69422889307538,0.1282995581923482,0.1596408460535957,0.1705377576214059,0.3217288063501211,0.5174496644295302,0.4812080536912752,1491.0,-0.8973028694026778,7.683357306048341,False,0.5009839406833716,B-,0.2336135743028628,0.3819576662578696,0.0,0.0,0.0,0.0,2,False
XLK,SMH,us_sectors_rotation,0.9112941993974696,0.0017166158942421,31.24021113413356,0.0516697953436423,0.0770735756773897,0.1152539261135404,0.1849817146785692,0.5140939597315436,0.4859060402684563,1491.0,0.6857809677559377,0.972705686727668,False,0.4807200328982742,B-,0.1019216640242437,0.3982833841057578,0.0,0.0,0.25,0.0,2,False
ICLN,TAN,thematic_factor,0.9296403339392434,0.1606905730801368,72.3413222492684,0.1038532421368375,0.1458992526681131,0.1179102395020627,0.2687676792708546,0.5174496644295302,0.4818791946308725,1491.0,0.6837195547804188,0.0750737798776817,False,0.4681239642630038,B-,0.2006073654190996,0.2393094269198632,0.0,0.0,0.25,0.0,2,False
XLU,XLP,us_sectors_rotation,0.739832410780657,0.1329544020592712,76.22373166120609,0.0876556808685661,0.1269669833603441,0.1508487391334545,0.3016464736001123,0.5100671140939598,0.489261744966443,1491.0,0.9976521765850296,-0.7344522792920749,False,0.4574315583073148,B-,0.1704996397488047,0.2670455979407287,0.0,0.0,0.25,0.0,2,False
XLV,XLY,us_sectors_rotation,0.6238661565385821,0.1828141800182564,106.76638675872051,0.1093068236133283,0.1629794231805341,0.1435405114740088,0.3281556150998561,0.5,0.4993288590604027,1491.0,0.4931725755642822,2.665394977140388,False,0.4288593815249256,B-,0.216829307537705,0.2171858199817435,0.0,0.0,0.15,0.0,2,False
ICLN,XLE,thematic_factor,0.4386850304398347,0.3172640165353735,162.72841982623763,0.2017801679242471,0.2683149043583053,0.3500458812372536,1.0472141547642044,0.4939597315436241,0.5060402684563758,1491.0,-0.1709920676445826,3.4223371432739373,False,0.4286563178797768,B-,0.3686563178797768,0.0,0.0,0.0,0.15,0.0,2,False
MTUM,QUAL,thematic_factor,0.8731875855894129,0.4272203747037547,164.2697846865761,0.1732331634851122,0.2253643000024666,0.1206849762520177,0.3347047753738712,0.5288590604026846,0.4711409395973154,1491.0,0.8507401858234709,0.9388747551697804,False,0.4242940779793615,B-,0.3242940779793615,0.0,0.0,0.0,0.25,0.0,2,False
GLD,GDX,commodities,0.7488119273160845,0.1991152982994369,90.90897635457216,0.1229133445591238,0.1704673248950021,0.2271803381309109,0.4366389249918025,0.5120805369127517,0.4879194630872483,1491.0,0.8098332362845438,2.3943599456009017,False,0.4141269846761835,B-,0.2335076934857893,0.2008847017005631,0.0,0.0,0.1,0.0,2,False
RINF,IEF,fx_macro,-0.328516553547085,0.003066487016612,43.77782946702148,0.0742805742720055,0.0937903577952115,0.1383330637407743,0.2219845303305687,0.5140939597315436,0.4859060402684563,1491.0,-0.8804500755637263,7.511690673475561,False,0.4133475932104137,B-,0.1354941341220422,0.3969335129833879,0.0,0.0,0.0,0.0,2,False
QQQ,QQQE,us_core_style,0.954528929858216,0.2384489741926572,95.77879291111034,0.1345627701488078,0.2086115421575676,0.140091312110823,0.364012396033786,0.4926174496644295,0.5073825503355704,1491.0,1.5221002443322469,-0.7175249121131513,False,0.4133106017384295,B-,0.2733106017384294,0.2,0.0,0.0,0.0,0.0,2,False
XLE,XOP,us_sectors_rotation,0.9175633791711684,0.2230814284467069,77.37248222893948,0.0934957220978345,0.1187794269743638,0.1650411427953601,0.5384490866518452,0.5080536912751678,0.4919463087248322,1491.0,0.8836100596886284,-0.6010629937306229,False,0.4058723392468524,B-,0.1658723392468524,0.2,0.0,0.0,0.25,0.0,2,False
XLK,SOXX,us_sectors_rotation,0.9086896562160643,0.039130265369928,51.42193587168056,0.0175649415464913,0.0283943138588611,0.1393087504173678,0.2328719972695561,0.4919463087248322,0.5080536912751678,1491.0,0.8777447159469232,-0.0383893081127881,False,0.3853923355433534,B-,0.032783521302303,0.3608697346300719,0.0,0.0,0.25,0.0,2,False
GDXJ,SILJ,commodities,0.9297165570151787,0.4075788385398176,162.598165780814,0.1898048210153426,0.2269595514380417,0.1785664560144551,0.4940512997769017,0.5221476510067115,0.4778523489932886,1491.0,0.9880294644602644,1.344389061333792,False,0.3787954810264338,B-,0.3387954810264338,0.0,0.0,0.0,0.1,0.0,2,False
DBB,PICK,commodities,0.5905760140862433,0.0215143979426637,37.19670016883996,0.0610602868165979,0.0837875197798374,0.1845376446045459,0.3453670447201542,0.5026845637583892,0.4973154362416107,1491.0,0.6663133538024097,0.5087263043628614,False,0.3777441312082165,B-,0.112804209768081,0.3784856020573363,0.0,0.0,0.0,0.0,2,False
EWJ,EWT,intl_equity,0.633537558059308,0.3559833271041578,130.76276741573164,0.1067162658940528,0.1737631613623814,0.1500891331432752,0.2860206457370817,0.4986577181208054,0.5013422818791946,1491.0,0.534248074135646,2.052569549117579,False,0.3626300659329781,B-,0.2226300659329781,0.2,0.0,0.0,0.0,0.0,2,False
IHY,HYG,credit_rates,0.7321158810418914,0.0001460314861988,17.619435819300868,0.0153380873372121,0.0194891645361453,0.1134821650258156,0.1818058594880671,0.4845637583892617,0.5147651006711409,1491.0,1.617217209033171,-4.001318412250541,False,0.3452421632824134,B-,0.0253443853227525,0.3998539685138012,0.0,0.0,0.1,0.0,2,False
XLU,XLV,us_sectors_rotation,0.6656734958274502,0.2107034353153216,92.26828356247536,0.0559281363092523,0.0762969700281952,0.1714116597307286,0.3708454146617779,0.5194630872483221,0.4805369127516778,1491.0,0.6127443729419771,0.562183763222103,False,0.3419191070357534,B-,0.1019191070357534,0.2,0.0,0.0,0.25,0.0,2,False
MSTR,IBIT,crypto,0.7682321320712302,0.2672072397440643,33.857493203775135,0.0195584858230291,0.0263788326999069,0.6382380581613453,0.9079782165964714,0.5094339622641509,0.490566037735849,478.0,1.836002089404565,-1.6380476348363828,True,0.3230552946718412,B-,0.0230552946718412,0.2,0.0,0.0,0.4,0.0,2,False
EWA,EWS,intl_equity,0.7763904898284226,0.1705262756525486,63.57641768454848,0.0641756194361817,0.079545722225078,0.1912284775568627,0.3538180136681319,0.5073825503355704,0.4926174496644295,1491.0,0.5761968028150727,1.4051154365366536,False,0.3134128717635897,B-,0.1127812647203736,0.2294737243474514,0.0,0.0,0.1,0.0,2,False
XLU,XLRE,thematic_factor,0.769715429145175,0.7139424765351835,225.63692510200335,0.3059389549067078,0.4413036405293507,0.1449066154580032,0.1987989161145025,0.5228187919463088,0.4771812080536913,1491.0,0.6183390570424271,1.2572847557845803,False,0.3108755249549633,B-,0.6108755249549633,0.0,0.0,0.0,0.25,0.4,2,False
RINF,TLT,fx_macro,-0.3389059849900726,0.009810247616626,51.55034332326108,0.0207924323605912,0.0260560062267081,0.1372105253834285,0.2269238011426413,0.5080536912751678,0.4919463087248322,1491.0,-0.3749392136425882,5.203233549068224,False,0.3076259873647959,B-,0.0344931606964341,0.390189752383374,0.0,0.0,0.0,0.0,2,False
VLUE,SPYV,thematic_factor,0.9588878394314296,0.5800793340728203,166.15270633146332,0.1135586985089538,0.1483064894143991,0.1040534356463315,0.2475015770815183,0.5120805369127517,0.4879194630872483,1491.0,0.6917260396974472,1.9982049801239263,False,0.2724232095574029,C,0.2124232095574029,0.0,0.0,0.0,0.15,0.0,1,False
IYT,XLI,us_sectors_rotation,0.9049232552932068,0.2223690776259486,98.65057089057586,0.0163088670924713,0.0235548574891198,0.1382652608858404,0.3012268598902716,0.5100671140939598,0.4899328859060403,1491.0,0.6707089887550087,0.9716593961114262,False,0.2667727301370498,C,0.0267727301370497,0.2,0.0,0.0,0.25,0.0,1,False
SPY,IWM,us_core_style,0.8676063276446935,0.5505892800321472,238.1862864086374,0.3111613501762671,0.4528592466084555,0.1565511730852953,0.4453210548141877,0.5181208053691275,0.4818791946308725,1491.0,1.108976471635844,0.2573927744096362,False,0.2592564017059023,C,0.6192564017059023,0.0,0.0,0.0,0.1,0.4,1,False
XLP,XLY,us_sectors_rotation,0.5663978628848634,0.0542929887262799,63.81543823970924,-0.0237819165405256,-0.0340537293930277,0.1367928132269064,0.2482344138344094,0.4919463087248322,0.5080536912751678,1491.0,0.3889973197591276,2.554310160639329,False,0.2494106924992707,C,-0.0525842153923332,0.34570701127372,0.0,0.0,0.15,0.0,1,False
EWY,EWT,intl_equity,0.7557399657411964,0.3787599834466945,124.51259895979474,0.0347964240430926,0.0576542712157745,0.1843120914901929,0.5683024500470513,0.4932885906040268,0.5067114093959731,1491.0,0.8411255623181768,0.8876468390151766,False,0.2437883648931938,C,0.0637883648931938,0.2,0.0,0.0,0.1,0.0,1,False
EWY,EWJ,intl_equity,0.6696096977208601,0.4471892059701864,150.60475472241475,0.0896265263391893,0.1317330738103886,0.2093745022544618,0.6077227484889267,0.5040268456375839,0.4959731543624161,1491.0,0.9117725002606606,0.4083852466869087,False,0.2096852230366828,C,0.1696852230366828,0.0,0.0,0.0,0.1,0.0,1,False
SOXX,SMH,thematic_factor,0.9894139171046218,0.2211838478750337,87.13752208135135,0.0819297473173453,0.1170468997429745,0.105615365037721,0.2770352521900872,0.5033557046979866,0.4966442953020134,1491.0,0.7642723184741524,1.2367836043260052,False,0.2014232536832623,C,0.1583218720936257,0.2,0.0,0.0,0.15,0.1568986184103634,1,False
XLB,XLI,us_sectors_rotation,0.8951319917879624,0.3093281063042662,129.18366865119293,-0.0157506063372483,-0.0234582316177072,0.1259835550152741,0.3235514321546353,0.5120805369127517,0.4879194630872483,1491.0,0.6194913241941477,0.7978252246580144,False,0.2013576028872638,C,-0.0386423971127361,0.2,0.0,0.0,0.25,0.0,1,False
DBB,XME,commodities,0.4853442179376152,0.2410980036283143,102.90573802018824,0.0265375122287822,0.0365685788280174,0.1753809359046383,0.4593696488596315,0.5006711409395973,0.497986577181208,1491.0,0.2993943613056244,1.7819835512459894,False,0.1829481244312018,C,0.0429481244312018,0.2,0.0,0.0,0.0,0.0,1,False
EPI,PIN,intl_equity,0.9152625648885114,0.632510552882264,223.68668733650537,0.2398555346949722,0.4310449576909381,0.1494639006142657,0.3387205389745191,0.4966442953020134,0.5026845637583892,1491.0,1.4790637936239432,-1.1491667393623222,False,0.1748125942991385,C,0.5348125942991385,0.0,0.0,0.0,0.1,0.4,1,False
PICK,XME,commodities,0.8477896826177251,0.3252136545308619,139.1744365660665,-0.0253708096077158,-0.0345255884632633,0.1980984028578274,0.5496890733299153,0.5,0.4993288590604027,1491.0,0.4257707610496418,2.0015007909316878,False,0.1194674970014014,C,-0.0605325029985985,0.2,0.0,0.0,0.1,0.0,1,False
SPHB,SPYG,thematic_factor,0.8166174833310976,0.218987356081883,126.68583416809577,-0.0549656398879657,-0.081861352382363,0.1922192108111018,0.4227859032018264,0.4859060402684563,0.5140939597315436,1491.0,1.043601155390584,-0.0912756340748011,False,0.1192756953803435,C,-0.1207243046196564,0.2,0.0,0.0,0.25,0.0,1,False
SPLV,SPHB,thematic_factor,0.6142185265887478,0.012758053594522,38.54596774164908,-0.1177438700081553,-0.1560025854542239,0.1443035498108239,0.263586149580751,0.5120805369127517,0.4879194630872483,1491.0,0.339437686204761,2.6991386814871348,False,0.0988519596661074,C,-0.232217402817727,0.3872419464054779,0.0,0.0,0.15,0.0,1,False
COIN,BLOK,crypto,0.7920506274494505,0.0698319450650256,48.66599279525944,-0.1445135806041653,-0.2098587675005055,0.5249927889927177,0.927256842836,0.488013698630137,0.511986301369863,1169.0,1.509552679394517,-0.250348588734373,True,0.0837827476882065,C,-0.3073348907662755,0.3301680549349743,0.0,0.0,0.4,0.0,1,False
SMH,XSD,thematic_factor,0.9426781923638732,0.4498924593945302,164.67408926765856,-0.005263774838515,-0.0082362944998554,0.2443491932833896,0.6540311499659488,0.4812080536912752,0.5187919463087248,1491.0,1.4102910408222258,-2.4184117684095128,False,0.0758901960122671,C,-0.0241098039877328,0.0,0.0,0.0,0.25,0.0,1,False
USMV,MTUM,thematic_factor,0.7865297931428673,0.1905625079834657,101.56299385299144,-0.0884899236879903,-0.1403732046542139,0.1065451567159158,0.1896402891024777,0.4671140939597315,0.5328859060402684,1491.0,0.6049536464823629,1.2372178107200005,False,0.0560622716835843,C,-0.1905439727279896,0.2094374920165342,0.0,0.0,0.25,0.0,1,False
PGX,LQD,fx_macro,0.4601737788729395,0.0003519566194789,15.00286418591048,-0.1403654003501248,-0.1527788534243336,0.1570135682416025,0.2461740628716344,0.4919463087248322,0.5080536912751678,1491.0,1.1526676183012694,-2.9433938391881216,False,0.0275195513617736,C,-0.252234079004591,0.399648043380521,0.0,0.0,0.0,0.0,1,False
SOXX,XSD,thematic_factor,0.96301743404298,0.4124895553550405,173.6691967542364,-0.0260259459472619,-0.0416504555537626,0.1338289389947085,0.3370088860429971,0.5026845637583892,0.4973154362416107,1491.0,1.1350942865116878,-0.9120259999363648,False,-0.0019214425557557,D,-0.0619214425557557,0.0,0.0,0.0,0.15,0.0,0,False
PFF,HYG,fx_macro,0.7353586786157011,0.1744277080478659,55.5247208838418,-0.1197357042331398,-0.1343659051633111,0.1119789468288786,0.202765954071642,0.5060402684563758,0.4939597315436241,1491.0,1.3800944185584278,-2.5341966826379583,False,-0.0199465525623965,D,-0.2178471569288904,0.2255722919521341,0.0,0.0,0.1,0.0,0,False
EIDO,EWS,intl_equity,0.6556242272718863,0.043371063362589,55.23385712596798,-0.1640459917285109,-0.1957598919874761,0.3015406381919295,0.904352292482962,0.508724832214765,0.4912751677852349,1491.0,-0.2198288936695,3.7154711709774,False,-0.0295247063232157,D,-0.3191649619694034,0.3566289366374109,0.0,0.0,0.1,0.0,0,False
EEM,EFA,intl_equity,0.8379817580643354,0.5255625627555873,177.77366230001516,-0.0450575884311098,-0.0643700749875299,0.1297537915927381,0.40146793310962,0.512751677852349,0.487248322147651,1491.0,0.6839798764132934,0.8429355249345853,False,-0.0581459995845731,D,-0.0981459995845731,0.0,0.0,0.0,0.1,0.0,0,False
EWZ,EWW,intl_equity,0.6633382418516814,0.0032919976419699,38.61594036405413,-0.1989265789215742,-0.232956457227965,0.3624937783169206,0.7910870728526236,0.5174496644295302,0.4825503355704698,1491.0,0.0729259276278901,3.1402912517916755,False,-0.0601222387875811,D,-0.3778178404382021,0.39670800235803,0.0,0.0,0.1,0.0,0,False
FXA,EFA,fx_macro,0.6270135631108104,0.2670005940200857,123.12967291324615,-0.1030280833730274,-0.1499459442819951,0.1072345207264907,0.2945682561313516,0.5033557046979866,0.4966442953020134,1491.0,0.0135777481834613,4.158114566888912,False,-0.073881609493051,D,-0.213881609493051,0.2,0.0,0.0,0.0,0.0,0,False
USO,XES,commodities,0.5939699710889851,0.018046409081495,64.26270279468194,-0.1745292091005117,-0.2126932830376484,0.4003346131662721,1.324714266396315,0.5208053691275167,0.4791946308724832,1491.0,0.8883334291122481,0.3973766630886373,False,-0.0825412789118386,D,-0.349908792554792,0.3819535909185049,0.0,0.0,0.0,0.0,0,False
IBIT,BLOK,crypto,0.7338285670065714,0.5854041095586348,53.13154407328598,-0.1815438200652077,-0.2945499912537382,0.3456565098689026,0.5411811474587807,0.4633123689727463,0.5366876310272537,478.0,0.971417594733132,0.1707980804816791,False,-0.0985524368920001,D,-0.3985524368920001,0.2,0.0,0.0,0.4,0.0,0,False
XLF,XLK,us_sectors_rotation,0.6660513863794729,0.0223175753175932,63.98360067889769,-0.2301899050526614,-0.3361089826992013,0.192421435815181,0.4209290236065892,0.4939597315436241,0.5060402684563758,1491.0,0.7065733658694701,0.4930080140008446,False,-0.1095070761365493,D,-0.4738847734142341,0.3776824246824067,0.0,0.0,0.25,0.0,0,False
FXA,VEA,fx_macro,0.644465530137961,0.3115457810468383,134.66970215998984,-0.1290805402490277,-0.1880312056002607,0.1026212180769518,0.290960085309889,0.5,0.5,1491.0,0.0515791169588506,4.017763675365856,False,-0.126521585875408,D,-0.266521585875408,0.2,0.0,0.0,0.0,0.0,0,False
EWA,EWC,intl_equity,0.8686514148347086,0.1679587581647263,41.90048944916644,-0.1844363020575719,-0.2265189307707501,0.1694271272921122,0.2920579919273671,0.4932885906040268,0.5067114093959731,1491.0,0.5766963479723946,1.09394377946581,False,-0.1464118441509527,D,-0.3488407134356443,0.2320412418352737,0.0,0.0,0.1,0.0,0,False
EWM,EWS,intl_equity,0.6631596614870549,0.2241416149911568,95.15184960465882,-0.1668697470626485,-0.2243852419593891,0.138776756580055,0.3292622201832129,0.4932885906040268,0.5046979865771812,1491.0,0.4271090592487486,1.882971344312174,False,-0.1505246608378852,D,-0.3305246608378852,0.2,0.0,0.0,0.1,0.0,0,False
BIZD,XLF,fx_macro,0.6759259715344159,0.0324031453043646,66.90236737103818,-0.2607610964443664,-0.2724797797602481,0.2175004117387531,0.6281381353309494,0.5295302013422819,0.4697986577181208,1491.0,0.3985225964154688,1.2991632870426215,False,-0.1667419066962144,D,-0.464059704983159,0.3675968546956353,0.0,0.0,0.1,0.0,0,False
EWG,EWI,intl_equity,0.9151068204777194,0.4794148640543701,199.1827844759916,-0.1031852643683663,-0.1524433631688982,0.1071793719208125,0.3277652401082069,0.485234899328859,0.5147651006711409,1491.0,0.6847643416911218,1.039143004228976,False,-0.1764509233887592,D,-0.2164509233887592,0.0,0.0,0.0,0.1,0.0,0,False
KWEB,FXI,intl_equity,0.9101353307705808,0.6833530117100739,202.01550221489,-0.1049602656150126,-0.1449827248262361,0.2109974226128808,0.5479238840912575,0.5040268456375839,0.4959731543624161,1491.0,1.5963962559912772,-1.980282531508016,False,-0.1774066506752031,D,-0.2174066506752031,0.0,0.0,0.0,0.1,0.0,0,False
DBC,DBB,commodities,0.5443161991140587,0.4245718219078487,158.4492395222439,-0.0916758023603717,-0.1404107401586692,0.2194316983439775,0.380527970156602,0.4986577181208054,0.5006711409395973,1491.0,1.2584421952804907,-0.6751936150818088,False,-0.1975738798745722,D,-0.1975738798745722,0.0,0.0,0.0,0.0,0.0,0,False
PFF,BIZD,fx_macro,0.7180920174927726,0.403855728178774,131.31374770472698,-0.221740500962021,-0.2220232566659307,0.1468757772974033,0.3569696181606354,0.5174496644295302,0.4812080536912752,1491.0,0.0869534513435114,3.2768145980743477,False,-0.2042961729913852,D,-0.3842961729913852,0.2,0.0,0.0,0.1,0.0,0,False
USO,XOP,commodities,0.6094354177246014,0.0007784350483049,51.80752171507614,-0.3058839472423295,-0.334817229349114,0.3585374745436377,1.463982890330147,0.5114093959731544,0.4885906040268456,1491.0,0.8006230842455564,0.3507756124343562,False,-0.2900805701271257,D,-0.5695356655933123,0.399221564951695,0.0,0.0,0.0,0.0,0,False
USO,XLE,commodities,0.6072466435584598,0.000309639997271,48.79982951130125,-0.3550973209190253,-0.3922857689586471,0.3464562227838839,1.3720937795168688,0.5161073825503356,0.4838926174496644,1491.0,0.8971775959417685,0.9267569049685856,False,-0.3773559827785054,D,-0.6571392347804157,0.3996903600027289,0.0,0.0,0.0,0.0,0,False
DBC,DBA,commodities,0.4807479068022232,0.580696112459279,249.82664378141337,-0.0565050820895966,-0.0831081479196987,0.1770463446813769,0.5699338393739626,0.5073825503355704,0.4912751677852349,1491.0,0.9233783307899246,0.2265533803766821,False,-0.5260794624208651,D,-0.126079462420865,0.0,0.0,0.0,0.0,0.4,0,False
REM,XLRE,fx_macro,0.6604836006987266,0.0359708344563911,101.10949616812076,-0.4629905079455333,-0.512009707243044,0.267443778885317,0.8758871834891515,0.4926174496644295,0.5060402684563758,1491.0,1.0023253725412615,-0.427415297470517,False,-0.5440946308049208,D,-0.838915046685447,0.3640291655436088,0.0,0.0,0.1,0.0,0,False
EWZ,ILF,intl_equity,0.9596428395301396,0.3095612083501072,113.62597481310266,-0.3989324649065653,-0.5378538996636371,0.1145588199076672,0.3026314606102573,0.4953020134228187,0.5046979865771812,1491.0,0.9984773014545326,0.184904340102384,False,-0.6414828238833165,D,-0.7814828238833165,0.2,0.0,0.0,0.0,0.0,0,False
BKCH,WGMI,crypto,0.960911301439466,0.3834571983560743,65.27267477545972,-0.480478343292841,-0.6656950054771479,0.2124740028132546,0.4474043464746922,0.4927083333333333,0.5072916666666667,961.0,0.8687980646464352,1.2616599218109306,False,-0.6954129340563383,D,-0.9554129340563384,0.2,0.0,0.0,0.3,0.0,0,False
BITO,BKCH,crypto,0.7041861889344313,0.7161416326631094,147.5512149666261,-0.5765229287099012,-0.7784078291638964,0.4120287185363122,1.2293416633757128,0.4942084942084942,0.5057915057915058,1037.0,0.4629551825894781,1.2338796743318583,False,-0.845995242392143,D,-1.145995242392143,0.2,0.0,0.0,0.4,0.0,0,False
